-- phpMyAdmin SQL Dump
-- version 5.2.0
-- https://www.phpmyadmin.net/
--
-- Host: 127.0.0.1
-- Waktu pembuatan: 01 Apr 2023 pada 08.54
-- Versi server: 10.4.27-MariaDB
-- Versi PHP: 8.2.0

SET SQL_MODE = "NO_AUTO_VALUE_ON_ZERO";
START TRANSACTION;
SET time_zone = "+00:00";


/*!40101 SET @OLD_CHARACTER_SET_CLIENT=@@CHARACTER_SET_CLIENT */;
/*!40101 SET @OLD_CHARACTER_SET_RESULTS=@@CHARACTER_SET_RESULTS */;
/*!40101 SET @OLD_COLLATION_CONNECTION=@@COLLATION_CONNECTION */;
/*!40101 SET NAMES utf8mb4 */;

--
-- Database: `satria`
--

-- --------------------------------------------------------

--
-- Struktur dari tabel `angkatan`
--

CREATE TABLE `angkatan` (
  `id_angkatan` int(4) NOT NULL,
  `tahun` int(4) NOT NULL,
  `nominal` double NOT NULL
) ENGINE=InnoDB DEFAULT CHARSET=utf8mb4 COLLATE=utf8mb4_general_ci;

--
-- Dumping data untuk tabel `angkatan`
--

INSERT INTO `angkatan` (`id_angkatan`, `tahun`, `nominal`) VALUES
(1, 2012, 1000000000),
(2, 2021, 2000000000),
(5, 2023, 650000),
(6, 2024, 700000),
(7, 2025, 750000),
(8, 2026, 800000);

-- --------------------------------------------------------

--
-- Struktur dari tabel `history`
--

CREATE TABLE `history` (
  `idspp` int(5) NOT NULL,
  `idsiswa` int(10) DEFAULT NULL,
  `jatuhtempo` date DEFAULT NULL,
  `bulan` varchar(20) DEFAULT NULL,
  `nobayar` varchar(10) DEFAULT NULL,
  `tglbayar` date DEFAULT NULL,
  `jumlah` int(20) DEFAULT NULL,
  `ket` varchar(20) DEFAULT NULL,
  `tahun` varchar(5) DEFAULT NULL,
  `angkatan` varchar(11) DEFAULT NULL,
  `idadmin` int(5) DEFAULT NULL
) ENGINE=InnoDB DEFAULT CHARSET=utf8mb4 COLLATE=utf8mb4_general_ci;

--
-- Dumping data untuk tabel `history`
--

INSERT INTO `history` (`idspp`, `idsiswa`, `jatuhtempo`, `bulan`, `nobayar`, `tglbayar`, `jumlah`, `ket`, `tahun`, `angkatan`, `idadmin`) VALUES
(4, 6, '2018-01-01', 'januari  2018', '2303140033', '2023-03-14', 1, 'LUNAS', NULL, '0', 7),
(5, 6, '2018-02-01', 'februari  2018', '2303160042', '2023-03-16', 1, 'LUNAS', NULL, '0', 5),
(6, 6, '2018-03-01', 'maret  2018', '2302250002', '2023-02-25', 1, 'LUNAS', NULL, '0', 5),
(7, 6, '2018-04-01', 'april  2018', '2302250003', '2023-02-25', 1, 'LUNAS', NULL, '0', 5),
(8, 6, '2018-05-01', 'mei  2018', '2302250004', '2023-02-25', 1, 'LUNAS', NULL, '0', 5),
(9, 6, '2018-06-01', 'juni  2018', NULL, NULL, 1, NULL, NULL, '0', NULL),
(10, 6, '2018-07-01', 'juli  2018', NULL, NULL, 1, NULL, NULL, '0', NULL),
(11, 6, '2018-08-01', 'agustus  2018', NULL, NULL, 1, NULL, NULL, '0', NULL),
(12, 6, '2018-09-01', 'september  2018', '2303110030', '2023-03-11', 1, 'LUNAS', NULL, '0', 5),
(13, 6, '2018-10-01', 'oktober  2018', '2303110031', '2023-03-11', 1, 'LUNAS', NULL, '0', 5),
(14, 6, '2018-11-01', '  2018', '2303110032', '2023-03-11', 1, 'LUNAS', NULL, '0', 5),
(15, 6, '2018-12-01', 'november  2018', '2303110029', '2023-03-11', 1, 'LUNAS', NULL, '0', 5),
(16, 7, '2018-01-04', 'januari  2018', '2302270013', '2023-02-27', 1, 'LUNAS', NULL, '0', 5),
(17, 7, '2018-02-04', 'februari  2018', '2302270014', '2023-02-27', 1, 'LUNAS', NULL, '0', 5),
(18, 7, '2018-03-04', 'maret  2018', '2302270015', '2023-02-27', 1, 'LUNAS', NULL, '0', 5),
(19, 7, '2018-04-04', 'april  2018', '2303010016', '2023-03-01', 1, 'LUNAS', NULL, '0', 5),
(20, 7, '2018-05-04', 'mei  2018', '2303010017', '2023-03-01', 1, 'LUNAS', NULL, '0', 5),
(21, 7, '2018-06-04', 'juni  2018', '2303010018', '2023-03-01', 1, 'LUNAS', NULL, '0', 5),
(22, 7, '2018-07-04', 'juli  2018', NULL, NULL, 1, NULL, NULL, '0', NULL),
(23, 7, '2018-08-04', 'agustus  2018', NULL, NULL, 1, NULL, NULL, '0', NULL),
(24, 7, '2018-09-04', 'september  2018', NULL, NULL, 1, NULL, NULL, '0', NULL),
(25, 7, '2018-10-04', 'oktober  2018', NULL, NULL, 1, NULL, NULL, '0', NULL),
(26, 7, '2018-11-04', '  2018', NULL, NULL, 1, NULL, NULL, '0', NULL),
(27, 7, '2018-12-04', 'november  2018', NULL, NULL, 1, NULL, NULL, '0', NULL),
(28, 8, '2018-01-12', 'januari  2018', NULL, NULL, 2, 'LUNAS', NULL, '0', NULL),
(29, 8, '2018-02-12', 'februari  2018', '2302250004', '2023-02-25', 2, 'LUNAS', NULL, '0', 5),
(30, 8, '2018-03-12', 'maret  2018', '2302250004', '2023-02-25', 2, 'LUNAS', NULL, '0', 5),
(31, 8, '2018-04-12', 'april  2018', '2302250004', '2023-02-25', 2, 'LUNAS', NULL, '0', 5),
(32, 8, '2018-05-12', 'mei  2018', '2302250005', '2023-02-25', 2, 'LUNAS', NULL, '0', 5),
(33, 8, '2018-06-12', 'juni  2018', '2302250006', '2023-02-25', 2, 'LUNAS', NULL, '0', 5),
(34, 8, '2018-07-12', 'juli  2018', '2302250007', '2023-02-25', 2, 'LUNAS', NULL, '0', 5),
(35, 8, '2018-08-12', 'agustus  2018', '2302250008', '2023-02-25', 2, 'LUNAS', NULL, '0', 5),
(36, 8, '2018-09-12', 'september  2018', '2302250009', '2023-02-25', 2, 'LUNAS', NULL, '0', 5),
(37, 8, '2018-10-12', 'oktober  2018', '2302250010', '2023-02-25', 2, 'LUNAS', NULL, '0', 5),
(38, 8, '2018-11-12', '  2018', '2302250011', '2023-02-25', 2, 'LUNAS', NULL, '0', 5),
(39, 8, '2018-12-12', 'november  2018', '2302250012', '2023-02-25', 2, 'LUNAS', NULL, '0', 5),
(40, 9, '2018-01-01', 'januari  2018', '2303060019', '2023-03-06', 2, 'LUNAS', NULL, '0', 7),
(41, 9, '2018-02-01', 'februari  2018', '2303060020', '2023-03-06', 2, 'LUNAS', NULL, '0', 7),
(42, 9, '2018-03-01', 'maret  2018', '2303060021', '2023-03-06', 2, 'LUNAS', NULL, '0', 7),
(43, 9, '2018-04-01', 'april  2018', NULL, NULL, 2, NULL, NULL, '0', NULL),
(44, 9, '2018-05-01', 'mei  2018', NULL, NULL, 2, NULL, NULL, '0', NULL),
(45, 9, '2018-06-01', 'juni  2018', NULL, NULL, 2, NULL, NULL, '0', NULL),
(46, 9, '2018-07-01', 'juli  2018', NULL, NULL, 2, NULL, NULL, '0', NULL),
(47, 9, '2018-08-01', 'agustus  2018', NULL, NULL, 2, NULL, NULL, '0', NULL),
(48, 9, '2018-09-01', 'september  2018', NULL, NULL, 2, NULL, NULL, '0', NULL),
(49, 9, '2018-10-01', 'oktober  2018', NULL, NULL, 2, NULL, NULL, '0', NULL),
(50, 9, '2018-11-01', '  2018', NULL, NULL, 2, NULL, NULL, '0', NULL),
(51, 9, '2018-12-01', 'november  2018', NULL, NULL, 2, NULL, NULL, '0', NULL),
(52, 10, '2018-01-01', 'januari  2018', NULL, NULL, 2, NULL, NULL, '0', NULL),
(53, 10, '2018-02-01', 'februari  2018', NULL, NULL, 2, NULL, NULL, '0', NULL),
(54, 10, '2018-03-01', 'maret  2018', NULL, NULL, 2, NULL, NULL, '0', NULL),
(55, 10, '2018-04-01', 'april  2018', NULL, NULL, 2, NULL, NULL, '0', NULL),
(56, 10, '2018-05-01', 'mei  2018', NULL, NULL, 2, NULL, NULL, '0', NULL),
(57, 10, '2018-06-01', 'juni  2018', NULL, NULL, 2, NULL, NULL, '0', NULL),
(58, 10, '2018-07-01', 'juli  2018', NULL, NULL, 2, NULL, NULL, '0', NULL),
(59, 10, '2018-08-01', 'agustus  2018', NULL, NULL, 2, NULL, NULL, '0', NULL),
(60, 10, '2018-09-01', 'september  2018', NULL, NULL, 2, NULL, NULL, '0', NULL),
(61, 10, '2018-10-01', 'oktober  2018', NULL, NULL, 2, NULL, NULL, '0', NULL),
(62, 10, '2018-11-01', '  2018', NULL, NULL, 2, NULL, NULL, '0', NULL),
(63, 10, '2018-12-01', 'november  2018', NULL, NULL, 2, NULL, NULL, '0', NULL),
(64, 11, '2018-01-04', 'januari  2018', NULL, NULL, 1, NULL, NULL, '0', NULL),
(65, 11, '2018-02-04', 'februari  2018', NULL, NULL, 1, NULL, NULL, '0', NULL),
(66, 11, '2018-03-04', 'maret  2018', NULL, NULL, 1, NULL, NULL, '0', NULL),
(67, 11, '2018-04-04', 'april  2018', NULL, NULL, 1, NULL, NULL, '0', NULL),
(68, 11, '2018-05-04', 'mei  2018', NULL, NULL, 1, NULL, NULL, '0', NULL),
(69, 11, '2018-06-04', 'juni  2018', NULL, NULL, 1, NULL, NULL, '0', NULL),
(70, 11, '2018-07-04', 'juli  2018', NULL, NULL, 1, NULL, NULL, '0', NULL),
(71, 11, '2018-08-04', 'agustus  2018', NULL, NULL, 1, NULL, NULL, '0', NULL),
(72, 11, '2018-09-04', 'september  2018', NULL, NULL, 1, NULL, NULL, '0', NULL),
(73, 11, '2018-10-04', 'oktober  2018', NULL, NULL, 1, NULL, NULL, '0', NULL),
(74, 11, '2018-11-04', '  2018', NULL, NULL, 1, NULL, NULL, '0', NULL),
(75, 11, '2018-12-04', 'november  2018', NULL, NULL, 1, NULL, NULL, '0', NULL),
(76, 14, '2018-01-04', 'januari  2018', NULL, NULL, 5, NULL, NULL, '0', NULL),
(77, 14, '2018-02-04', 'februari  2018', NULL, NULL, 5, NULL, NULL, '0', NULL),
(78, 14, '2018-03-04', 'maret  2018', NULL, NULL, 5, NULL, NULL, '0', NULL),
(79, 14, '2018-04-04', 'april  2018', NULL, NULL, 5, NULL, NULL, '0', NULL),
(80, 14, '2018-05-04', 'mei  2018', NULL, NULL, 5, NULL, NULL, '0', NULL),
(81, 14, '2018-06-04', 'juni  2018', NULL, NULL, 5, NULL, NULL, '0', NULL),
(82, 14, '2018-07-04', 'juli  2018', NULL, NULL, 5, NULL, NULL, '0', NULL),
(83, 14, '2018-08-04', 'agustus  2018', NULL, NULL, 5, NULL, NULL, '0', NULL),
(84, 14, '2018-09-04', 'september  2018', NULL, NULL, 5, NULL, NULL, '0', NULL),
(85, 14, '2018-10-04', 'oktober  2018', NULL, NULL, 5, NULL, NULL, '0', NULL),
(86, 14, '2018-11-04', '  2018', NULL, NULL, 5, NULL, NULL, '0', NULL),
(87, 14, '2018-12-04', 'november  2018', NULL, NULL, 5, NULL, NULL, '0', NULL),
(88, 20, '2018-01-01', 'januari  2018', NULL, NULL, 650000, NULL, NULL, '0', NULL),
(89, 20, '2018-02-01', 'februari  2018', NULL, NULL, 650000, NULL, NULL, '0', NULL),
(90, 20, '2018-03-01', 'maret  2018', NULL, NULL, 650000, NULL, NULL, '0', NULL),
(91, 20, '2018-04-01', 'april  2018', NULL, NULL, 650000, NULL, NULL, '0', NULL),
(92, 20, '2018-05-01', 'mei  2018', NULL, NULL, 650000, NULL, NULL, '0', NULL),
(93, 20, '2018-06-01', 'juni  2018', NULL, NULL, 650000, NULL, NULL, '0', NULL),
(94, 20, '2018-07-01', 'juli  2018', NULL, NULL, 650000, NULL, NULL, '0', NULL),
(95, 20, '2018-08-01', 'agustus  2018', NULL, NULL, 650000, NULL, NULL, '0', NULL),
(96, 20, '2018-09-01', 'september  2018', NULL, NULL, 650000, NULL, NULL, '0', NULL),
(97, 20, '2018-10-01', 'oktober  2018', NULL, NULL, 650000, NULL, NULL, '0', NULL),
(98, 20, '2018-11-01', 'november  2018', NULL, NULL, 650000, NULL, NULL, '0', NULL),
(99, 20, '2018-12-01', 'desember  2018', NULL, NULL, 650000, NULL, NULL, '0', NULL),
(100, 21, '2018-01-12', 'januari  2018', '2303060022', '2023-03-06', 650000, 'LUNAS', NULL, '0', 7),
(101, 21, '2018-02-12', 'februari  2018', '2303060023', '2023-03-06', 650000, 'LUNAS', NULL, '0', 7),
(102, 21, '2018-03-12', 'maret  2018', '2303110024', '2023-03-11', 650000, 'LUNAS', NULL, '0', 5),
(103, 21, '2018-04-12', 'april  2018', NULL, NULL, 650000, NULL, NULL, '0', NULL),
(104, 21, '2018-05-12', 'mei  2018', NULL, NULL, 650000, NULL, NULL, '0', NULL),
(105, 21, '2018-06-12', 'juni  2018', NULL, NULL, 650000, NULL, NULL, '0', NULL),
(106, 21, '2018-07-12', 'juli  2018', NULL, NULL, 650000, NULL, NULL, '0', NULL),
(107, 21, '2018-08-12', 'agustus  2018', NULL, NULL, 650000, NULL, NULL, '0', NULL),
(108, 21, '2018-09-12', 'september  2018', NULL, NULL, 650000, NULL, NULL, '0', NULL),
(109, 21, '2018-10-12', 'oktober  2018', NULL, NULL, 650000, NULL, NULL, '0', NULL),
(110, 21, '2018-11-12', 'november  2018', NULL, NULL, 650000, NULL, NULL, '0', NULL),
(111, 21, '2018-12-12', 'desember  2018', NULL, NULL, 650000, NULL, NULL, '0', NULL),
(112, 23, '2020-01-01', 'januari  2020', '2303110025', '2023-03-11', 650000, 'LUNAS', NULL, '0', 5),
(113, 23, '2020-02-01', 'februari  2020', '2303110026', '2023-03-11', 650000, 'LUNAS', NULL, '0', 5),
(114, 23, '2020-03-01', 'maret  2020', '2303110027', '2023-03-11', 650000, 'LUNAS', NULL, '0', 5),
(115, 23, '2020-04-01', 'april  2020', '2303110028', '2023-03-11', 650000, 'LUNAS', NULL, '0', 5),
(116, 23, '2020-05-01', 'mei  2020', NULL, NULL, 650000, NULL, NULL, '0', NULL),
(117, 23, '2020-06-01', 'juni  2020', NULL, NULL, 650000, NULL, NULL, '0', NULL),
(118, 23, '2020-07-01', 'juli  2020', NULL, NULL, 650000, NULL, NULL, '0', NULL),
(119, 23, '2020-08-01', 'agustus  2020', NULL, NULL, 650000, NULL, NULL, '0', NULL),
(120, 23, '2020-09-01', 'september  2020', NULL, NULL, 650000, NULL, NULL, '0', NULL),
(121, 23, '2020-10-01', 'oktober  2020', NULL, NULL, 650000, NULL, NULL, '0', NULL),
(122, 23, '2020-11-01', 'november  2020', NULL, NULL, 650000, NULL, NULL, '0', NULL),
(123, 23, '2020-12-01', 'desember  2020', NULL, NULL, 650000, NULL, NULL, '0', NULL),
(124, 24, '2023-03-01', 'maret  2023', NULL, NULL, 650000, NULL, NULL, '0', NULL),
(125, 24, '2023-04-01', 'april  2023', NULL, NULL, 650000, NULL, NULL, '0', NULL),
(126, 24, '2023-05-01', 'mei  2023', NULL, NULL, 650000, NULL, NULL, '0', NULL),
(127, 24, '2023-06-01', 'juni  2023', NULL, NULL, 650000, NULL, NULL, '0', NULL),
(128, 24, '2023-07-01', 'juli  2023', NULL, NULL, 650000, NULL, NULL, '0', NULL),
(129, 24, '2023-08-01', 'agustus  2023', NULL, NULL, 650000, NULL, NULL, '0', NULL),
(130, 24, '2023-09-01', 'september  2023', NULL, NULL, 650000, NULL, NULL, '0', NULL),
(131, 24, '2023-10-01', 'oktober  2023', NULL, NULL, 650000, NULL, NULL, '0', NULL),
(132, 24, '2023-11-01', 'november  2023', NULL, NULL, 650000, NULL, NULL, '0', NULL),
(133, 24, '2023-12-01', 'desember  2023', NULL, NULL, 650000, NULL, NULL, '0', NULL),
(134, 24, '2024-01-01', 'januari  2024', NULL, NULL, 650000, NULL, NULL, '0', NULL),
(135, 24, '2024-02-01', 'februari  2024', NULL, NULL, 650000, NULL, NULL, '0', NULL),
(136, 24, '2024-03-01', 'maret  2024', NULL, NULL, 650000, NULL, NULL, '0', NULL),
(137, 24, '2024-04-01', 'april  2024', NULL, NULL, 650000, NULL, NULL, '0', NULL),
(138, 24, '2024-05-01', 'mei  2024', NULL, NULL, 650000, NULL, NULL, '0', NULL),
(139, 24, '2024-06-01', 'juni  2024', NULL, NULL, 650000, NULL, NULL, '0', NULL),
(140, 24, '2024-07-01', 'juli  2024', NULL, NULL, 650000, NULL, NULL, '0', NULL),
(141, 24, '2024-08-01', 'agustus  2024', NULL, NULL, 650000, NULL, NULL, '0', NULL),
(142, 24, '2024-09-01', 'september  2024', NULL, NULL, 650000, NULL, NULL, '0', NULL),
(143, 24, '2024-10-01', 'oktober  2024', NULL, NULL, 650000, NULL, NULL, '0', NULL),
(144, 24, '2024-11-01', 'november  2024', NULL, NULL, 650000, NULL, NULL, '0', NULL),
(145, 24, '2024-12-01', 'desember  2024', NULL, NULL, 650000, NULL, NULL, '0', NULL),
(146, 24, '2025-01-01', 'januari  2025', NULL, NULL, 650000, NULL, NULL, '0', NULL),
(147, 24, '2025-02-01', 'februari  2025', NULL, NULL, 650000, NULL, NULL, '0', NULL),
(148, 24, '2025-03-01', 'maret  2025', NULL, NULL, 650000, NULL, NULL, '0', NULL),
(149, 24, '2025-04-01', 'april  2025', NULL, NULL, 650000, NULL, NULL, '0', NULL),
(150, 24, '2025-05-01', 'mei  2025', NULL, NULL, 650000, NULL, NULL, '0', NULL),
(151, 24, '2025-06-01', 'juni  2025', NULL, NULL, 650000, NULL, NULL, '0', NULL),
(152, 24, '2025-07-01', 'juli  2025', NULL, NULL, 650000, NULL, NULL, '0', NULL),
(153, 24, '2025-08-01', 'agustus  2025', NULL, NULL, 650000, NULL, NULL, '0', NULL),
(154, 24, '2025-09-01', 'september  2025', NULL, NULL, 650000, NULL, NULL, '0', NULL),
(155, 24, '2025-10-01', 'oktober  2025', NULL, NULL, 650000, NULL, NULL, '0', NULL),
(156, 24, '2025-11-01', 'november  2025', NULL, NULL, 650000, NULL, NULL, '0', NULL),
(157, 24, '2025-12-01', 'desember  2025', NULL, NULL, 650000, NULL, NULL, '0', NULL),
(158, 24, '2026-01-01', 'januari  2026', NULL, NULL, 650000, NULL, NULL, '0', NULL),
(159, 24, '2026-02-01', 'februari  2026', NULL, NULL, 650000, NULL, NULL, '0', NULL),
(160, 25, '2023-03-01', 'maret  2023', '2303150034', '2023-03-15', 700000, 'LUNAS', NULL, '0', 5),
(161, 25, '2023-04-01', 'april  2023', '2303160041', '2023-03-16', 700000, 'LUNAS', NULL, '0', 5),
(162, 25, '2023-05-01', 'mei  2023', '2303150037', '2023-03-15', 700000, 'LUNAS', NULL, '0', 5),
(163, 25, '2023-06-01', 'juni  2023', '2303150038', '2023-03-15', 700000, 'LUNAS', NULL, '0', 5),
(164, 25, '2023-07-01', 'juli  2023', '2303150035', '2023-03-15', 700000, 'LUNAS', NULL, '0', 5),
(165, 25, '2023-08-01', 'agustus  2023', NULL, NULL, 700000, NULL, NULL, '0', NULL),
(166, 25, '2023-09-01', 'september  2023', '2303150036', '2023-03-15', 700000, 'LUNAS', NULL, '0', 5),
(167, 25, '2023-10-01', 'oktober  2023', NULL, NULL, 700000, NULL, NULL, '0', NULL),
(168, 25, '2023-11-01', 'november  2023', NULL, NULL, 700000, NULL, NULL, '0', NULL),
(169, 25, '2023-12-01', 'desember  2023', NULL, NULL, 700000, NULL, NULL, '0', NULL),
(170, 25, '2024-01-01', 'januari  2024', NULL, NULL, 700000, NULL, NULL, '0', NULL),
(171, 25, '2024-02-01', 'februari  2024', '2303150040', '2023-03-15', 700000, 'LUNAS', NULL, '0', 5),
(172, 25, '2024-03-01', 'maret  2024', NULL, NULL, 700000, NULL, NULL, '0', NULL),
(173, 25, '2024-04-01', 'april  2024', NULL, NULL, 700000, NULL, NULL, '0', NULL),
(174, 25, '2024-05-01', 'mei  2024', NULL, NULL, 700000, NULL, NULL, '0', NULL),
(175, 25, '2024-06-01', 'juni  2024', NULL, NULL, 700000, NULL, NULL, '0', NULL),
(176, 25, '2024-07-01', 'juli  2024', NULL, NULL, 700000, NULL, NULL, '0', NULL),
(177, 25, '2024-08-01', 'agustus  2024', NULL, NULL, 700000, NULL, NULL, '0', NULL),
(178, 25, '2024-09-01', 'september  2024', NULL, NULL, 700000, NULL, NULL, '0', NULL),
(179, 25, '2024-10-01', 'oktober  2024', NULL, NULL, 700000, NULL, NULL, '0', NULL),
(180, 25, '2024-11-01', 'november  2024', NULL, NULL, 700000, NULL, NULL, '0', NULL),
(181, 25, '2024-12-01', 'desember  2024', NULL, NULL, 700000, NULL, NULL, '0', NULL),
(182, 25, '2025-01-01', 'januari  2025', NULL, NULL, 700000, NULL, NULL, '0', NULL),
(183, 25, '2025-02-01', 'februari  2025', NULL, NULL, 700000, NULL, NULL, '0', NULL),
(184, 25, '2025-03-01', 'maret  2025', NULL, NULL, 700000, NULL, NULL, '0', NULL),
(185, 25, '2025-04-01', 'april  2025', NULL, NULL, 700000, NULL, NULL, '0', NULL),
(186, 25, '2025-05-01', 'mei  2025', NULL, NULL, 700000, NULL, NULL, '0', NULL),
(187, 25, '2025-06-01', 'juni  2025', NULL, NULL, 700000, NULL, NULL, '0', NULL),
(188, 25, '2025-07-01', 'juli  2025', NULL, NULL, 700000, NULL, NULL, '0', NULL),
(189, 25, '2025-08-01', 'agustus  2025', NULL, NULL, 700000, NULL, NULL, '0', NULL),
(190, 25, '2025-09-01', 'september  2025', '2303150039', '2023-03-15', 700000, 'LUNAS', NULL, '0', 5),
(191, 25, '2025-10-01', 'oktober  2025', NULL, NULL, 700000, NULL, NULL, '0', NULL),
(192, 25, '2025-11-01', 'november  2025', NULL, NULL, 700000, NULL, NULL, '0', NULL),
(193, 25, '2025-12-01', 'desember  2025', NULL, NULL, 700000, NULL, NULL, '0', NULL),
(194, 25, '2026-01-01', 'januari  2026', NULL, NULL, 700000, NULL, NULL, '0', NULL),
(195, 25, '2026-02-01', 'februari  2026', NULL, NULL, 700000, NULL, NULL, '0', NULL),
(196, 26, '2023-03-16', 'maret  2023', NULL, NULL, 750000, NULL, NULL, '0', NULL),
(197, 26, '2023-04-16', 'april  2023', NULL, NULL, 750000, NULL, NULL, '0', NULL),
(198, 26, '2023-05-16', 'mei  2023', NULL, NULL, 750000, NULL, NULL, '0', NULL),
(199, 26, '2023-06-16', 'juni  2023', NULL, NULL, 750000, NULL, NULL, '0', NULL),
(200, 26, '2023-07-16', 'juli  2023', NULL, NULL, 750000, NULL, NULL, '0', NULL),
(201, 26, '2023-08-16', 'agustus  2023', NULL, NULL, 750000, NULL, NULL, '0', NULL),
(202, 26, '2023-09-16', 'september  2023', NULL, NULL, 750000, NULL, NULL, '0', NULL),
(203, 26, '2023-10-16', 'oktober  2023', NULL, NULL, 750000, NULL, NULL, '0', NULL),
(204, 26, '2023-11-16', 'november  2023', NULL, NULL, 750000, NULL, NULL, '0', NULL),
(205, 26, '2023-12-16', 'desember  2023', NULL, NULL, 750000, NULL, NULL, '0', NULL),
(206, 26, '2024-01-16', 'januari  2024', NULL, NULL, 750000, NULL, NULL, '0', NULL),
(207, 26, '2024-02-16', 'februari  2024', NULL, NULL, 750000, NULL, NULL, '0', NULL),
(208, 26, '2024-03-16', 'maret  2024', NULL, NULL, 750000, NULL, NULL, '0', NULL),
(209, 26, '2024-04-16', 'april  2024', NULL, NULL, 750000, NULL, NULL, '0', NULL),
(210, 26, '2024-05-16', 'mei  2024', NULL, NULL, 750000, NULL, NULL, '0', NULL),
(211, 26, '2024-06-16', 'juni  2024', NULL, NULL, 750000, NULL, NULL, '0', NULL),
(212, 26, '2024-07-16', 'juli  2024', NULL, NULL, 750000, NULL, NULL, '0', NULL),
(213, 26, '2024-08-16', 'agustus  2024', NULL, NULL, 750000, NULL, NULL, '0', NULL),
(214, 26, '2024-09-16', 'september  2024', NULL, NULL, 750000, NULL, NULL, '0', NULL),
(215, 26, '2024-10-16', 'oktober  2024', NULL, NULL, 750000, NULL, NULL, '0', NULL),
(216, 26, '2024-11-16', 'november  2024', NULL, NULL, 750000, NULL, NULL, '0', NULL),
(217, 26, '2024-12-16', 'desember  2024', NULL, NULL, 750000, NULL, NULL, '0', NULL),
(218, 26, '2025-01-16', 'januari  2025', NULL, NULL, 750000, NULL, NULL, '0', NULL),
(219, 26, '2025-02-16', 'februari  2025', NULL, NULL, 750000, NULL, NULL, '0', NULL),
(220, 26, '2025-03-16', 'maret  2025', NULL, NULL, 750000, NULL, NULL, '0', NULL),
(221, 26, '2025-04-16', 'april  2025', NULL, NULL, 750000, NULL, NULL, '0', NULL),
(222, 26, '2025-05-16', 'mei  2025', NULL, NULL, 750000, NULL, NULL, '0', NULL),
(223, 26, '2025-06-16', 'juni  2025', NULL, NULL, 750000, NULL, NULL, '0', NULL),
(224, 26, '2025-07-16', 'juli  2025', NULL, NULL, 750000, NULL, NULL, '0', NULL),
(225, 26, '2025-08-16', 'agustus  2025', NULL, NULL, 750000, NULL, NULL, '0', NULL),
(226, 26, '2025-09-16', 'september  2025', NULL, NULL, 750000, NULL, NULL, '0', NULL),
(227, 26, '2025-10-16', 'oktober  2025', NULL, NULL, 750000, NULL, NULL, '0', NULL),
(228, 26, '2025-11-16', 'november  2025', NULL, NULL, 750000, NULL, NULL, '0', NULL),
(229, 26, '2025-12-16', 'desember  2025', NULL, NULL, 750000, NULL, NULL, '0', NULL),
(230, 26, '2026-01-16', 'januari  2026', NULL, NULL, 750000, NULL, NULL, '0', NULL),
(231, 26, '2026-02-16', 'februari  2026', NULL, NULL, 750000, NULL, NULL, '0', NULL),
(232, 27, '2023-03-16', '  2023', NULL, NULL, 750000, NULL, NULL, '0', NULL),
(233, 27, '2023-04-16', '  2023', NULL, NULL, 750000, NULL, NULL, '0', NULL),
(234, 27, '2023-05-16', '  2023', NULL, NULL, 750000, NULL, NULL, '0', NULL),
(235, 27, '2023-06-16', '  2023', NULL, NULL, 750000, NULL, NULL, '0', NULL),
(236, 27, '2023-07-16', '  2023', NULL, NULL, 750000, NULL, NULL, '0', NULL),
(237, 27, '2023-08-16', '  2023', NULL, NULL, 750000, NULL, NULL, '0', NULL),
(238, 27, '2023-09-16', '  2023', NULL, NULL, 750000, NULL, NULL, '0', NULL),
(239, 27, '2023-10-16', '  2023', NULL, NULL, 750000, NULL, NULL, '0', NULL),
(240, 27, '2023-11-16', '  2023', NULL, NULL, 750000, NULL, NULL, '0', NULL),
(241, 27, '2023-12-16', '  2023', NULL, NULL, 750000, NULL, NULL, '0', NULL),
(242, 27, '2024-01-16', '  2024', NULL, NULL, 750000, NULL, NULL, '0', NULL),
(243, 27, '2024-02-16', '  2024', NULL, NULL, 750000, NULL, NULL, '0', NULL),
(244, 27, '2024-03-16', '  2024', NULL, NULL, 750000, NULL, NULL, '0', NULL),
(245, 27, '2024-04-16', '  2024', NULL, NULL, 750000, NULL, NULL, '0', NULL),
(246, 27, '2024-05-16', '  2024', NULL, NULL, 750000, NULL, NULL, '0', NULL),
(247, 27, '2024-06-16', '  2024', NULL, NULL, 750000, NULL, NULL, '0', NULL),
(248, 27, '2024-07-16', '  2024', NULL, NULL, 750000, NULL, NULL, '0', NULL),
(249, 27, '2024-08-16', '  2024', NULL, NULL, 750000, NULL, NULL, '0', NULL),
(250, 27, '2024-09-16', '  2024', NULL, NULL, 750000, NULL, NULL, '0', NULL),
(251, 27, '2024-10-16', '  2024', NULL, NULL, 750000, NULL, NULL, '0', NULL),
(252, 27, '2024-11-16', '  2024', NULL, NULL, 750000, NULL, NULL, '0', NULL),
(253, 27, '2024-12-16', '  2024', NULL, NULL, 750000, NULL, NULL, '0', NULL),
(254, 27, '2025-01-16', '  2025', NULL, NULL, 750000, NULL, NULL, '0', NULL),
(255, 27, '2025-02-16', '  2025', NULL, NULL, 750000, NULL, NULL, '0', NULL),
(256, 27, '2025-03-16', '  2025', NULL, NULL, 750000, NULL, NULL, '0', NULL),
(257, 27, '2025-04-16', '  2025', NULL, NULL, 750000, NULL, NULL, '0', NULL),
(258, 27, '2025-05-16', '  2025', NULL, NULL, 750000, NULL, NULL, '0', NULL),
(259, 27, '2025-06-16', '  2025', NULL, NULL, 750000, NULL, NULL, '0', NULL),
(260, 27, '2025-07-16', '  2025', NULL, NULL, 750000, NULL, NULL, '0', NULL),
(261, 27, '2025-08-16', '  2025', NULL, NULL, 750000, NULL, NULL, '0', NULL),
(262, 27, '2025-09-16', '  2025', NULL, NULL, 750000, NULL, NULL, '0', NULL),
(263, 27, '2025-10-16', '  2025', NULL, NULL, 750000, NULL, NULL, '0', NULL),
(264, 27, '2025-11-16', '  2025', NULL, NULL, 750000, NULL, NULL, '0', NULL),
(265, 27, '2025-12-16', '  2025', NULL, NULL, 750000, NULL, NULL, '0', NULL),
(266, 27, '2026-01-16', '  2026', NULL, NULL, 750000, NULL, NULL, '0', NULL),
(267, 27, '2026-02-16', '  2026', NULL, NULL, 750000, NULL, NULL, '0', NULL),
(268, 28, '2023-03-16', 'maret  2023', NULL, NULL, 750000, NULL, NULL, '0', NULL),
(269, 28, '2023-04-16', 'april  2023', NULL, NULL, 750000, NULL, NULL, '0', NULL),
(270, 28, '2023-05-16', 'mei  2023', NULL, NULL, 750000, NULL, NULL, '0', NULL),
(271, 28, '2023-06-16', 'juni  2023', NULL, NULL, 750000, NULL, NULL, '0', NULL),
(272, 28, '2023-07-16', 'juli  2023', NULL, NULL, 750000, NULL, NULL, '0', NULL),
(273, 28, '2023-08-16', 'agustus  2023', NULL, NULL, 750000, NULL, NULL, '0', NULL),
(274, 28, '2023-09-16', 'september  2023', NULL, NULL, 750000, NULL, NULL, '0', NULL),
(275, 28, '2023-10-16', 'oktober  2023', NULL, NULL, 750000, NULL, NULL, '0', NULL),
(276, 28, '2023-11-16', 'november  2023', NULL, NULL, 750000, NULL, NULL, '0', NULL),
(277, 28, '2023-12-16', 'desember  2023', NULL, NULL, 750000, NULL, NULL, '0', NULL),
(278, 28, '2024-01-16', 'januari  2024', NULL, NULL, 750000, NULL, NULL, '0', NULL),
(279, 28, '2024-02-16', 'februari  2024', NULL, NULL, 750000, NULL, NULL, '0', NULL),
(280, 28, '2024-03-16', 'maret  2024', NULL, NULL, 750000, NULL, NULL, '0', NULL),
(281, 28, '2024-04-16', 'april  2024', NULL, NULL, 750000, NULL, NULL, '0', NULL),
(282, 28, '2024-05-16', 'mei  2024', NULL, NULL, 750000, NULL, NULL, '0', NULL),
(283, 28, '2024-06-16', 'juni  2024', NULL, NULL, 750000, NULL, NULL, '0', NULL),
(284, 28, '2024-07-16', 'juli  2024', NULL, NULL, 750000, NULL, NULL, '0', NULL),
(285, 28, '2024-08-16', 'agustus  2024', NULL, NULL, 750000, NULL, NULL, '0', NULL),
(286, 28, '2024-09-16', 'september  2024', NULL, NULL, 750000, NULL, NULL, '0', NULL),
(287, 28, '2024-10-16', 'oktober  2024', NULL, NULL, 750000, NULL, NULL, '0', NULL),
(288, 28, '2024-11-16', 'november  2024', NULL, NULL, 750000, NULL, NULL, '0', NULL),
(289, 28, '2024-12-16', 'desember  2024', NULL, NULL, 750000, NULL, NULL, '0', NULL),
(290, 28, '2025-01-16', 'januari  2025', NULL, NULL, 750000, NULL, NULL, '0', NULL),
(291, 28, '2025-02-16', 'februari  2025', NULL, NULL, 750000, NULL, NULL, '0', NULL),
(292, 28, '2025-03-16', 'maret  2025', NULL, NULL, 750000, NULL, NULL, '0', NULL),
(293, 28, '2025-04-16', 'april  2025', NULL, NULL, 750000, NULL, NULL, '0', NULL),
(294, 28, '2025-05-16', 'mei  2025', NULL, NULL, 750000, NULL, NULL, '0', NULL),
(295, 28, '2025-06-16', 'juni  2025', NULL, NULL, 750000, NULL, NULL, '0', NULL),
(296, 28, '2025-07-16', 'juli  2025', NULL, NULL, 750000, NULL, NULL, '0', NULL),
(297, 28, '2025-08-16', 'agustus  2025', NULL, NULL, 750000, NULL, NULL, '0', NULL),
(298, 28, '2025-09-16', 'september  2025', NULL, NULL, 750000, NULL, NULL, '0', NULL),
(299, 28, '2025-10-16', 'oktober  2025', NULL, NULL, 750000, NULL, NULL, '0', NULL),
(300, 28, '2025-11-16', 'november  2025', NULL, NULL, 750000, NULL, NULL, '0', NULL),
(301, 28, '2025-12-16', 'desember  2025', NULL, NULL, 750000, NULL, NULL, '0', NULL),
(302, 28, '2026-01-16', 'januari  2026', NULL, NULL, 750000, NULL, NULL, '0', NULL),
(303, 28, '2026-02-16', 'februari  2026', NULL, NULL, 750000, NULL, NULL, '0', NULL),
(304, 29, '2023-03-16', 'maret  2023', NULL, NULL, 750000, NULL, '0000-', '0', NULL),
(305, 29, '2023-04-16', 'april  2023', NULL, NULL, 750000, NULL, '0000-', '0', NULL),
(306, 29, '2023-05-16', 'mei  2023', NULL, NULL, 750000, NULL, '0000-', '0', NULL),
(307, 29, '2023-06-16', 'juni  2023', NULL, NULL, 750000, NULL, '0000-', '0', NULL),
(308, 29, '2023-07-16', 'juli  2023', NULL, NULL, 750000, NULL, '0000-', '0', NULL),
(309, 29, '2023-08-16', 'agustus  2023', NULL, NULL, 750000, NULL, '0000-', '0', NULL),
(310, 29, '2023-09-16', 'september  2023', NULL, NULL, 750000, NULL, '0000-', '0', NULL),
(311, 29, '2023-10-16', 'oktober  2023', NULL, NULL, 750000, NULL, '0000-', '0', NULL),
(312, 29, '2023-11-16', 'november  2023', NULL, NULL, 750000, NULL, '0000-', '0', NULL),
(313, 29, '2023-12-16', 'desember  2023', NULL, NULL, 750000, NULL, '0000-', '0', NULL),
(314, 29, '2024-01-16', 'januari  2024', NULL, NULL, 750000, NULL, '0000-', '0', NULL),
(315, 29, '2024-02-16', 'februari  2024', NULL, NULL, 750000, NULL, '0000-', '0', NULL),
(316, 29, '2024-03-16', 'maret  2024', NULL, NULL, 750000, NULL, '0000-', '0', NULL),
(317, 29, '2024-04-16', 'april  2024', NULL, NULL, 750000, NULL, '0000-', '0', NULL),
(318, 29, '2024-05-16', 'mei  2024', NULL, NULL, 750000, NULL, '0000-', '0', NULL),
(319, 29, '2024-06-16', 'juni  2024', NULL, NULL, 750000, NULL, '0000-', '0', NULL),
(320, 29, '2024-07-16', 'juli  2024', NULL, NULL, 750000, NULL, '0000-', '0', NULL),
(321, 29, '2024-08-16', 'agustus  2024', NULL, NULL, 750000, NULL, '0000-', '0', NULL),
(322, 29, '2024-09-16', 'september  2024', NULL, NULL, 750000, NULL, '0000-', '0', NULL),
(323, 29, '2024-10-16', 'oktober  2024', NULL, NULL, 750000, NULL, '0000-', '0', NULL),
(324, 29, '2024-11-16', 'november  2024', NULL, NULL, 750000, NULL, '0000-', '0', NULL),
(325, 29, '2024-12-16', 'desember  2024', NULL, NULL, 750000, NULL, '0000-', '0', NULL),
(326, 29, '2025-01-16', 'januari  2025', NULL, NULL, 750000, NULL, '0000-', '0', NULL),
(327, 29, '2025-02-16', 'februari  2025', NULL, NULL, 750000, NULL, '0000-', '0', NULL),
(328, 29, '2025-03-16', 'maret  2025', NULL, NULL, 750000, NULL, '0000-', '0', NULL),
(329, 29, '2025-04-16', 'april  2025', NULL, NULL, 750000, NULL, '0000-', '0', NULL),
(330, 29, '2025-05-16', 'mei  2025', NULL, NULL, 750000, NULL, '0000-', '0', NULL),
(331, 29, '2025-06-16', 'juni  2025', NULL, NULL, 750000, NULL, '0000-', '0', NULL),
(332, 29, '2025-07-16', 'juli  2025', NULL, NULL, 750000, NULL, '0000-', '0', NULL),
(333, 29, '2025-08-16', 'agustus  2025', NULL, NULL, 750000, NULL, '0000-', '0', NULL),
(334, 29, '2025-09-16', 'september  2025', NULL, NULL, 750000, NULL, '0000-', '0', NULL),
(335, 29, '2025-10-16', 'oktober  2025', NULL, NULL, 750000, NULL, '0000-', '0', NULL),
(336, 29, '2025-11-16', 'november  2025', NULL, NULL, 750000, NULL, '0000-', '0', NULL),
(337, 29, '2025-12-16', 'desember  2025', NULL, NULL, 750000, NULL, '0000-', '0', NULL),
(338, 29, '2026-01-16', 'januari  2026', NULL, NULL, 750000, NULL, '0000-', '0', NULL),
(339, 29, '2026-02-16', 'februari  2026', NULL, NULL, 750000, NULL, '0000-', '0', NULL),
(340, 30, '2023-03-16', 'maret  2023', NULL, NULL, 750000, NULL, '0000-', '0', NULL),
(341, 30, '2023-04-16', 'april  2023', NULL, NULL, 750000, NULL, '0000-', '0', NULL),
(342, 30, '2023-05-16', 'mei  2023', NULL, NULL, 750000, NULL, '0000-', '0', NULL),
(343, 30, '2023-06-16', 'juni  2023', NULL, NULL, 750000, NULL, '0000-', '0', NULL),
(344, 30, '2023-07-16', 'juli  2023', NULL, NULL, 750000, NULL, '0000-', '0', NULL),
(345, 30, '2023-08-16', 'agustus  2023', NULL, NULL, 750000, NULL, '0000-', '0', NULL),
(346, 30, '2023-09-16', 'september  2023', NULL, NULL, 750000, NULL, '0000-', '0', NULL),
(347, 30, '2023-10-16', 'oktober  2023', NULL, NULL, 750000, NULL, '0000-', '0', NULL),
(348, 30, '2023-11-16', 'november  2023', NULL, NULL, 750000, NULL, '0000-', '0', NULL),
(349, 30, '2023-12-16', 'desember  2023', NULL, NULL, 750000, NULL, '0000-', '0', NULL),
(350, 30, '2024-01-16', 'januari  2024', NULL, NULL, 750000, NULL, '0000-', '0', NULL),
(351, 30, '2024-02-16', 'februari  2024', NULL, NULL, 750000, NULL, '0000-', '0', NULL),
(352, 30, '2024-03-16', 'maret  2024', NULL, NULL, 750000, NULL, '0000-', '0', NULL),
(353, 30, '2024-04-16', 'april  2024', NULL, NULL, 750000, NULL, '0000-', '0', NULL),
(354, 30, '2024-05-16', 'mei  2024', NULL, NULL, 750000, NULL, '0000-', '0', NULL),
(355, 30, '2024-06-16', 'juni  2024', NULL, NULL, 750000, NULL, '0000-', '0', NULL),
(356, 30, '2024-07-16', 'juli  2024', NULL, NULL, 750000, NULL, '0000-', '0', NULL),
(357, 30, '2024-08-16', 'agustus  2024', NULL, NULL, 750000, NULL, '0000-', '0', NULL),
(358, 30, '2024-09-16', 'september  2024', NULL, NULL, 750000, NULL, '0000-', '0', NULL),
(359, 30, '2024-10-16', 'oktober  2024', NULL, NULL, 750000, NULL, '0000-', '0', NULL),
(360, 30, '2024-11-16', 'november  2024', NULL, NULL, 750000, NULL, '0000-', '0', NULL),
(361, 30, '2024-12-16', 'desember  2024', NULL, NULL, 750000, NULL, '0000-', '0', NULL),
(362, 30, '2025-01-16', 'januari  2025', NULL, NULL, 750000, NULL, '0000-', '0', NULL),
(363, 30, '2025-02-16', 'februari  2025', NULL, NULL, 750000, NULL, '0000-', '0', NULL),
(364, 30, '2025-03-16', 'maret  2025', NULL, NULL, 750000, NULL, '0000-', '0', NULL),
(365, 30, '2025-04-16', 'april  2025', NULL, NULL, 750000, NULL, '0000-', '0', NULL),
(366, 30, '2025-05-16', 'mei  2025', NULL, NULL, 750000, NULL, '0000-', '0', NULL),
(367, 30, '2025-06-16', 'juni  2025', NULL, NULL, 750000, NULL, '0000-', '0', NULL),
(368, 30, '2025-07-16', 'juli  2025', NULL, NULL, 750000, NULL, '0000-', '0', NULL),
(369, 30, '2025-08-16', 'agustus  2025', NULL, NULL, 750000, NULL, '0000-', '0', NULL),
(370, 30, '2025-09-16', 'september  2025', NULL, NULL, 750000, NULL, '0000-', '0', NULL),
(371, 30, '2025-10-16', 'oktober  2025', NULL, NULL, 750000, NULL, '0000-', '0', NULL),
(372, 30, '2025-11-16', 'november  2025', NULL, NULL, 750000, NULL, '0000-', '0', NULL),
(373, 30, '2025-12-16', 'desember  2025', NULL, NULL, 750000, NULL, '0000-', '0', NULL),
(374, 30, '2026-01-16', 'januari  2026', NULL, NULL, 750000, NULL, '0000-', '0', NULL),
(375, 30, '2026-02-16', 'februari  2026', NULL, NULL, 750000, NULL, '0000-', '0', NULL),
(376, 31, '2023-03-16', 'maret  2023', NULL, NULL, 750000, NULL, '0000-', '0', NULL),
(377, 31, '2023-04-16', 'april  2023', NULL, NULL, 750000, NULL, '0000-', '0', NULL),
(378, 31, '2023-05-16', 'mei  2023', NULL, NULL, 750000, NULL, '0000-', '0', NULL),
(379, 31, '2023-06-16', 'juni  2023', NULL, NULL, 750000, NULL, '0000-', '0', NULL),
(380, 31, '2023-07-16', 'juli  2023', NULL, NULL, 750000, NULL, '0000-', '0', NULL),
(381, 31, '2023-08-16', 'agustus  2023', NULL, NULL, 750000, NULL, '0000-', '0', NULL),
(382, 31, '2023-09-16', 'september  2023', NULL, NULL, 750000, NULL, '0000-', '0', NULL),
(383, 31, '2023-10-16', 'oktober  2023', NULL, NULL, 750000, NULL, '0000-', '0', NULL),
(384, 31, '2023-11-16', 'november  2023', NULL, NULL, 750000, NULL, '0000-', '0', NULL),
(385, 31, '2023-12-16', 'desember  2023', NULL, NULL, 750000, NULL, '0000-', '0', NULL),
(386, 31, '2024-01-16', 'januari  2024', NULL, NULL, 750000, NULL, '0000-', '0', NULL),
(387, 31, '2024-02-16', 'februari  2024', NULL, NULL, 750000, NULL, '0000-', '0', NULL),
(388, 31, '2024-03-16', 'maret  2024', NULL, NULL, 750000, NULL, '0000-', '0', NULL),
(389, 31, '2024-04-16', 'april  2024', NULL, NULL, 750000, NULL, '0000-', '0', NULL),
(390, 31, '2024-05-16', 'mei  2024', NULL, NULL, 750000, NULL, '0000-', '0', NULL),
(391, 31, '2024-06-16', 'juni  2024', NULL, NULL, 750000, NULL, '0000-', '0', NULL),
(392, 31, '2024-07-16', 'juli  2024', NULL, NULL, 750000, NULL, '0000-', '0', NULL),
(393, 31, '2024-08-16', 'agustus  2024', NULL, NULL, 750000, NULL, '0000-', '0', NULL),
(394, 31, '2024-09-16', 'september  2024', NULL, NULL, 750000, NULL, '0000-', '0', NULL),
(395, 31, '2024-10-16', 'oktober  2024', NULL, NULL, 750000, NULL, '0000-', '0', NULL),
(396, 31, '2024-11-16', 'november  2024', NULL, NULL, 750000, NULL, '0000-', '0', NULL),
(397, 31, '2024-12-16', 'desember  2024', NULL, NULL, 750000, NULL, '0000-', '0', NULL),
(398, 31, '2025-01-16', 'januari  2025', NULL, NULL, 750000, NULL, '0000-', '0', NULL),
(399, 31, '2025-02-16', 'februari  2025', NULL, NULL, 750000, NULL, '0000-', '0', NULL),
(400, 31, '2025-03-16', 'maret  2025', NULL, NULL, 750000, NULL, '0000-', '0', NULL),
(401, 31, '2025-04-16', 'april  2025', NULL, NULL, 750000, NULL, '0000-', '0', NULL),
(402, 31, '2025-05-16', 'mei  2025', NULL, NULL, 750000, NULL, '0000-', '0', NULL),
(403, 31, '2025-06-16', 'juni  2025', NULL, NULL, 750000, NULL, '0000-', '0', NULL),
(404, 31, '2025-07-16', 'juli  2025', NULL, NULL, 750000, NULL, '0000-', '0', NULL),
(405, 31, '2025-08-16', 'agustus  2025', NULL, NULL, 750000, NULL, '0000-', '0', NULL),
(406, 31, '2025-09-16', 'september  2025', NULL, NULL, 750000, NULL, '0000-', '0', NULL),
(407, 31, '2025-10-16', 'oktober  2025', NULL, NULL, 750000, NULL, '0000-', '0', NULL),
(408, 31, '2025-11-16', 'november  2025', NULL, NULL, 750000, NULL, '0000-', '0', NULL),
(409, 31, '2025-12-16', 'desember  2025', NULL, NULL, 750000, NULL, '0000-', '0', NULL),
(410, 31, '2026-01-16', 'januari  2026', NULL, NULL, 750000, NULL, '0000-', '0', NULL),
(411, 31, '2026-02-16', 'februari  2026', NULL, NULL, 750000, NULL, '0000-', '0', NULL),
(412, 32, '2023-03-16', 'maret  2023', NULL, NULL, 750000, NULL, '23', '0', NULL),
(413, 32, '2023-04-16', 'april  2023', NULL, NULL, 750000, NULL, '23', '0', NULL),
(414, 32, '2023-05-16', 'mei  2023', NULL, NULL, 750000, NULL, '23', '0', NULL),
(415, 32, '2023-06-16', 'juni  2023', NULL, NULL, 750000, NULL, '23', '0', NULL),
(416, 32, '2023-07-16', 'juli  2023', NULL, NULL, 750000, NULL, '23', '0', NULL),
(417, 32, '2023-08-16', 'agustus  2023', NULL, NULL, 750000, NULL, '23', '0', NULL),
(418, 32, '2023-09-16', 'september  2023', NULL, NULL, 750000, NULL, '23', '0', NULL),
(419, 32, '2023-10-16', 'oktober  2023', NULL, NULL, 750000, NULL, '23', '0', NULL),
(420, 32, '2023-11-16', 'november  2023', NULL, NULL, 750000, NULL, '23', '0', NULL),
(421, 32, '2023-12-16', 'desember  2023', NULL, NULL, 750000, NULL, '23', '0', NULL),
(422, 32, '2024-01-16', 'januari  2024', NULL, NULL, 750000, NULL, '24', '0', NULL),
(423, 32, '2024-02-16', 'februari  2024', NULL, NULL, 750000, NULL, '24', '0', NULL),
(424, 32, '2024-03-16', 'maret  2024', NULL, NULL, 750000, NULL, '24', '0', NULL),
(425, 32, '2024-04-16', 'april  2024', NULL, NULL, 750000, NULL, '24', '0', NULL),
(426, 32, '2024-05-16', 'mei  2024', NULL, NULL, 750000, NULL, '24', '0', NULL),
(427, 32, '2024-06-16', 'juni  2024', NULL, NULL, 750000, NULL, '24', '0', NULL),
(428, 32, '2024-07-16', 'juli  2024', NULL, NULL, 750000, NULL, '24', '0', NULL),
(429, 32, '2024-08-16', 'agustus  2024', NULL, NULL, 750000, NULL, '24', '0', NULL),
(430, 32, '2024-09-16', 'september  2024', NULL, NULL, 750000, NULL, '24', '0', NULL),
(431, 32, '2024-10-16', 'oktober  2024', NULL, NULL, 750000, NULL, '24', '0', NULL),
(432, 32, '2024-11-16', 'november  2024', NULL, NULL, 750000, NULL, '24', '0', NULL),
(433, 32, '2024-12-16', 'desember  2024', NULL, NULL, 750000, NULL, '24', '0', NULL),
(434, 32, '2025-01-16', 'januari  2025', NULL, NULL, 750000, NULL, '25', '0', NULL),
(435, 32, '2025-02-16', 'februari  2025', NULL, NULL, 750000, NULL, '25', '0', NULL),
(436, 32, '2025-03-16', 'maret  2025', NULL, NULL, 750000, NULL, '25', '0', NULL),
(437, 32, '2025-04-16', 'april  2025', NULL, NULL, 750000, NULL, '25', '0', NULL),
(438, 32, '2025-05-16', 'mei  2025', NULL, NULL, 750000, NULL, '25', '0', NULL),
(439, 32, '2025-06-16', 'juni  2025', NULL, NULL, 750000, NULL, '25', '0', NULL),
(440, 32, '2025-07-16', 'juli  2025', NULL, NULL, 750000, NULL, '25', '0', NULL),
(441, 32, '2025-08-16', 'agustus  2025', NULL, NULL, 750000, NULL, '25', '0', NULL),
(442, 32, '2025-09-16', 'september  2025', NULL, NULL, 750000, NULL, '25', '0', NULL),
(443, 32, '2025-10-16', 'oktober  2025', NULL, NULL, 750000, NULL, '25', '0', NULL),
(444, 32, '2025-11-16', 'november  2025', NULL, NULL, 750000, NULL, '25', '0', NULL),
(445, 32, '2025-12-16', 'desember  2025', NULL, NULL, 750000, NULL, '25', '0', NULL),
(446, 32, '2026-01-16', 'januari  2026', NULL, NULL, 750000, NULL, '26', '0', NULL),
(447, 32, '2026-02-16', 'februari  2026', NULL, NULL, 750000, NULL, '26', '0', NULL),
(448, 33, '2025-07-01', 'juli  2025', NULL, NULL, 750000, NULL, '2025', '0', NULL),
(449, 33, '2025-08-01', 'agustus  2025', NULL, NULL, 750000, NULL, '2025', '0', NULL),
(450, 33, '2025-09-01', 'september  2025', NULL, NULL, 750000, NULL, '2025', '0', NULL),
(451, 33, '2025-10-01', 'oktober  2025', NULL, NULL, 750000, NULL, '2025', '0', NULL),
(452, 33, '2025-11-01', 'november  2025', NULL, NULL, 750000, NULL, '2025', '0', NULL),
(453, 33, '2025-12-01', 'desember  2025', NULL, NULL, 750000, NULL, '2025', '0', NULL),
(454, 33, '2026-01-01', 'januari  2026', NULL, NULL, 750000, NULL, '2025', '0', NULL),
(455, 33, '2026-02-01', 'februari  2026', NULL, NULL, 750000, NULL, '2025', '0', NULL),
(456, 33, '2026-03-01', 'maret  2026', NULL, NULL, 750000, NULL, '2025', '0', NULL),
(457, 33, '2026-04-01', 'april  2026', NULL, NULL, 750000, NULL, '2025', '0', NULL),
(458, 33, '2026-05-01', 'mei  2026', NULL, NULL, 750000, NULL, '2025', '0', NULL),
(459, 33, '2026-06-01', 'juni  2026', NULL, NULL, 750000, NULL, '2025', '0', NULL),
(460, 33, '2026-07-01', 'juli  2026', NULL, NULL, 750000, NULL, '2025', '0', NULL),
(461, 33, '2026-08-01', 'agustus  2026', NULL, NULL, 750000, NULL, '2025', '0', NULL),
(462, 33, '2026-09-01', 'september  2026', NULL, NULL, 750000, NULL, '2025', '0', NULL),
(463, 33, '2026-10-01', 'oktober  2026', NULL, NULL, 750000, NULL, '2025', '0', NULL),
(464, 33, '2026-11-01', 'november  2026', NULL, NULL, 750000, NULL, '2025', '0', NULL),
(465, 33, '2026-12-01', 'desember  2026', NULL, NULL, 750000, NULL, '2025', '0', NULL),
(466, 33, '2027-01-01', 'januari  2027', NULL, NULL, 750000, NULL, '2025', '0', NULL),
(467, 33, '2027-02-01', 'februari  2027', NULL, NULL, 750000, NULL, '2025', '0', NULL),
(468, 33, '2027-03-01', 'maret  2027', NULL, NULL, 750000, NULL, '2025', '0', NULL),
(469, 33, '2027-04-01', 'april  2027', NULL, NULL, 750000, NULL, '2025', '0', NULL),
(470, 33, '2027-05-01', 'mei  2027', NULL, NULL, 750000, NULL, '2025', '0', NULL),
(471, 33, '2027-06-01', 'juni  2027', NULL, NULL, 750000, NULL, '2025', '0', NULL),
(472, 33, '2027-07-01', 'juli  2027', NULL, NULL, 750000, NULL, '2025', '0', NULL),
(473, 33, '2027-08-01', 'agustus  2027', NULL, NULL, 750000, NULL, '2025', '0', NULL),
(474, 33, '2027-09-01', 'september  2027', NULL, NULL, 750000, NULL, '2025', '0', NULL),
(475, 33, '2027-10-01', 'oktober  2027', NULL, NULL, 750000, NULL, '2025', '0', NULL),
(476, 33, '2027-11-01', 'november  2027', NULL, NULL, 750000, NULL, '2025', '0', NULL),
(477, 33, '2027-12-01', 'desember  2027', NULL, NULL, 750000, NULL, '2025', '0', NULL),
(478, 33, '2028-01-01', 'januari  2028', NULL, NULL, 750000, NULL, '2025', '0', NULL),
(479, 33, '2028-02-01', 'februari  2028', NULL, NULL, 750000, NULL, '2025', '0', NULL),
(480, 33, '2028-03-01', 'maret  2028', NULL, NULL, 750000, NULL, '2025', '0', NULL),
(481, 33, '2028-04-01', 'april  2028', NULL, NULL, 750000, NULL, '2025', '0', NULL),
(482, 33, '2028-05-01', 'mei  2028', NULL, NULL, 750000, NULL, '2025', '0', NULL),
(483, 33, '2028-06-01', 'juni  2028', NULL, NULL, 750000, NULL, '2025', '0', NULL),
(484, 34, '2025-07-01', 'juli  2025', NULL, NULL, 750000, NULL, '', '0', NULL),
(485, 34, '2025-08-01', 'agustus  2025', NULL, NULL, 750000, NULL, '', '0', NULL),
(486, 34, '2025-09-01', 'september  2025', NULL, NULL, 750000, NULL, '', '0', NULL),
(487, 34, '2025-10-01', 'oktober  2025', NULL, NULL, 750000, NULL, '', '0', NULL),
(488, 34, '2025-11-01', 'november  2025', NULL, NULL, 750000, NULL, '', '0', NULL),
(489, 34, '2025-12-01', 'desember  2025', NULL, NULL, 750000, NULL, '', '0', NULL),
(490, 34, '2026-01-01', 'januari  2026', NULL, NULL, 750000, NULL, '', '0', NULL),
(491, 34, '2026-02-01', 'februari  2026', NULL, NULL, 750000, NULL, '', '0', NULL),
(492, 34, '2026-03-01', 'maret  2026', NULL, NULL, 750000, NULL, '', '0', NULL),
(493, 34, '2026-04-01', 'april  2026', NULL, NULL, 750000, NULL, '', '0', NULL),
(494, 34, '2026-05-01', 'mei  2026', NULL, NULL, 750000, NULL, '', '0', NULL),
(495, 34, '2026-06-01', 'juni  2026', NULL, NULL, 750000, NULL, '', '0', NULL),
(496, 34, '2026-07-01', 'juli  2026', NULL, NULL, 750000, NULL, '', '0', NULL),
(497, 34, '2026-08-01', 'agustus  2026', NULL, NULL, 750000, NULL, '', '0', NULL),
(498, 34, '2026-09-01', 'september  2026', NULL, NULL, 750000, NULL, '', '0', NULL),
(499, 34, '2026-10-01', 'oktober  2026', NULL, NULL, 750000, NULL, '', '0', NULL),
(500, 34, '2026-11-01', 'november  2026', NULL, NULL, 750000, NULL, '', '0', NULL),
(501, 34, '2026-12-01', 'desember  2026', NULL, NULL, 750000, NULL, '', '0', NULL),
(502, 34, '2027-01-01', 'januari  2027', NULL, NULL, 750000, NULL, '', '0', NULL),
(503, 34, '2027-02-01', 'februari  2027', NULL, NULL, 750000, NULL, '', '0', NULL),
(504, 34, '2027-03-01', 'maret  2027', NULL, NULL, 750000, NULL, '', '0', NULL),
(505, 34, '2027-04-01', 'april  2027', NULL, NULL, 750000, NULL, '', '0', NULL),
(506, 34, '2027-05-01', 'mei  2027', NULL, NULL, 750000, NULL, '', '0', NULL),
(507, 34, '2027-06-01', 'juni  2027', NULL, NULL, 750000, NULL, '', '0', NULL),
(508, 34, '2027-07-01', 'juli  2027', NULL, NULL, 750000, NULL, '', '0', NULL),
(509, 34, '2027-08-01', 'agustus  2027', NULL, NULL, 750000, NULL, '', '0', NULL),
(510, 34, '2027-09-01', 'september  2027', NULL, NULL, 750000, NULL, '', '0', NULL),
(511, 34, '2027-10-01', 'oktober  2027', NULL, NULL, 750000, NULL, '', '0', NULL),
(512, 34, '2027-11-01', 'november  2027', NULL, NULL, 750000, NULL, '', '0', NULL),
(513, 34, '2027-12-01', 'desember  2027', NULL, NULL, 750000, NULL, '', '0', NULL),
(514, 34, '2028-01-01', 'januari  2028', NULL, NULL, 750000, NULL, '', '0', NULL),
(515, 34, '2028-02-01', 'februari  2028', NULL, NULL, 750000, NULL, '', '0', NULL),
(516, 34, '2028-03-01', 'maret  2028', NULL, NULL, 750000, NULL, '', '0', NULL),
(517, 34, '2028-04-01', 'april  2028', NULL, NULL, 750000, NULL, '', '0', NULL),
(518, 34, '2028-05-01', 'mei  2028', NULL, NULL, 750000, NULL, '', '0', NULL),
(519, 34, '2028-06-01', 'juni  2028', NULL, NULL, 750000, NULL, '', '0', NULL),
(520, 35, '2025-07-01', 'juli  2025', NULL, NULL, 750000, NULL, '', '0', NULL),
(521, 35, '2025-08-01', 'agustus  2025', NULL, NULL, 750000, NULL, '', '0', NULL),
(522, 35, '2025-09-01', 'september  2025', NULL, NULL, 750000, NULL, '', '0', NULL),
(523, 35, '2025-10-01', 'oktober  2025', NULL, NULL, 750000, NULL, '', '0', NULL),
(524, 35, '2025-11-01', 'november  2025', NULL, NULL, 750000, NULL, '', '0', NULL),
(525, 35, '2025-12-01', 'desember  2025', NULL, NULL, 750000, NULL, '', '0', NULL),
(526, 35, '2026-01-01', 'januari  2026', NULL, NULL, 750000, NULL, '', '0', NULL),
(527, 35, '2026-02-01', 'februari  2026', NULL, NULL, 750000, NULL, '', '0', NULL),
(528, 35, '2026-03-01', 'maret  2026', NULL, NULL, 750000, NULL, '', '0', NULL),
(529, 35, '2026-04-01', 'april  2026', NULL, NULL, 750000, NULL, '', '0', NULL),
(530, 35, '2026-05-01', 'mei  2026', NULL, NULL, 750000, NULL, '', '0', NULL),
(531, 35, '2026-06-01', 'juni  2026', NULL, NULL, 750000, NULL, '', '0', NULL),
(532, 35, '2026-07-01', 'juli  2026', NULL, NULL, 750000, NULL, '', '0', NULL),
(533, 35, '2026-08-01', 'agustus  2026', NULL, NULL, 750000, NULL, '', '0', NULL),
(534, 35, '2026-09-01', 'september  2026', NULL, NULL, 750000, NULL, '', '0', NULL),
(535, 35, '2026-10-01', 'oktober  2026', NULL, NULL, 750000, NULL, '', '0', NULL),
(536, 35, '2026-11-01', 'november  2026', NULL, NULL, 750000, NULL, '', '0', NULL),
(537, 35, '2026-12-01', 'desember  2026', NULL, NULL, 750000, NULL, '', '0', NULL),
(538, 35, '2027-01-01', 'januari  2027', NULL, NULL, 750000, NULL, '', '0', NULL),
(539, 35, '2027-02-01', 'februari  2027', NULL, NULL, 750000, NULL, '', '0', NULL),
(540, 35, '2027-03-01', 'maret  2027', NULL, NULL, 750000, NULL, '', '0', NULL),
(541, 35, '2027-04-01', 'april  2027', NULL, NULL, 750000, NULL, '', '0', NULL),
(542, 35, '2027-05-01', 'mei  2027', NULL, NULL, 750000, NULL, '', '0', NULL),
(543, 35, '2027-06-01', 'juni  2027', NULL, NULL, 750000, NULL, '', '0', NULL),
(544, 35, '2027-07-01', 'juli  2027', NULL, NULL, 750000, NULL, '', '0', NULL),
(545, 35, '2027-08-01', 'agustus  2027', NULL, NULL, 750000, NULL, '', '0', NULL),
(546, 35, '2027-09-01', 'september  2027', NULL, NULL, 750000, NULL, '', '0', NULL),
(547, 35, '2027-10-01', 'oktober  2027', NULL, NULL, 750000, NULL, '', '0', NULL),
(548, 35, '2027-11-01', 'november  2027', NULL, NULL, 750000, NULL, '', '0', NULL),
(549, 35, '2027-12-01', 'desember  2027', NULL, NULL, 750000, NULL, '', '0', NULL),
(550, 35, '2028-01-01', 'januari  2028', NULL, NULL, 750000, NULL, '', '0', NULL),
(551, 35, '2028-02-01', 'februari  2028', NULL, NULL, 750000, NULL, '', '0', NULL),
(552, 35, '2028-03-01', 'maret  2028', NULL, NULL, 750000, NULL, '', '0', NULL),
(553, 35, '2028-04-01', 'april  2028', NULL, NULL, 750000, NULL, '', '0', NULL),
(554, 35, '2028-05-01', 'mei  2028', NULL, NULL, 750000, NULL, '', '0', NULL),
(555, 35, '2028-06-01', 'juni  2028', NULL, NULL, 750000, NULL, '', '0', NULL),
(556, 36, '2025-07-01', 'juli  2025', NULL, NULL, 750000, NULL, '', '0', NULL),
(557, 36, '2025-08-01', 'agustus  2025', NULL, NULL, 750000, NULL, '', '0', NULL),
(558, 36, '2025-09-01', 'september  2025', NULL, NULL, 750000, NULL, '', '0', NULL),
(559, 36, '2025-10-01', 'oktober  2025', NULL, NULL, 750000, NULL, '', '0', NULL),
(560, 36, '2025-11-01', 'november  2025', NULL, NULL, 750000, NULL, '', '0', NULL),
(561, 36, '2025-12-01', 'desember  2025', NULL, NULL, 750000, NULL, '', '0', NULL),
(562, 36, '2026-01-01', 'januari  2026', NULL, NULL, 750000, NULL, '', '0', NULL),
(563, 36, '2026-02-01', 'februari  2026', NULL, NULL, 750000, NULL, '', '0', NULL),
(564, 36, '2026-03-01', 'maret  2026', NULL, NULL, 750000, NULL, '', '0', NULL),
(565, 36, '2026-04-01', 'april  2026', NULL, NULL, 750000, NULL, '', '0', NULL),
(566, 36, '2026-05-01', 'mei  2026', NULL, NULL, 750000, NULL, '', '0', NULL),
(567, 36, '2026-06-01', 'juni  2026', NULL, NULL, 750000, NULL, '', '0', NULL),
(568, 36, '2026-07-01', 'juli  2026', NULL, NULL, 750000, NULL, '', '0', NULL),
(569, 36, '2026-08-01', 'agustus  2026', NULL, NULL, 750000, NULL, '', '0', NULL),
(570, 36, '2026-09-01', 'september  2026', NULL, NULL, 750000, NULL, '', '0', NULL),
(571, 36, '2026-10-01', 'oktober  2026', NULL, NULL, 750000, NULL, '', '0', NULL),
(572, 36, '2026-11-01', 'november  2026', NULL, NULL, 750000, NULL, '', '0', NULL),
(573, 36, '2026-12-01', 'desember  2026', NULL, NULL, 750000, NULL, '', '0', NULL),
(574, 36, '2027-01-01', 'januari  2027', NULL, NULL, 750000, NULL, '', '0', NULL),
(575, 36, '2027-02-01', 'februari  2027', NULL, NULL, 750000, NULL, '', '0', NULL),
(576, 36, '2027-03-01', 'maret  2027', NULL, NULL, 750000, NULL, '', '0', NULL),
(577, 36, '2027-04-01', 'april  2027', NULL, NULL, 750000, NULL, '', '0', NULL),
(578, 36, '2027-05-01', 'mei  2027', NULL, NULL, 750000, NULL, '', '0', NULL),
(579, 36, '2027-06-01', 'juni  2027', NULL, NULL, 750000, NULL, '', '0', NULL),
(580, 36, '2027-07-01', 'juli  2027', NULL, NULL, 750000, NULL, '', '0', NULL),
(581, 36, '2027-08-01', 'agustus  2027', NULL, NULL, 750000, NULL, '', '0', NULL),
(582, 36, '2027-09-01', 'september  2027', NULL, NULL, 750000, NULL, '', '0', NULL),
(583, 36, '2027-10-01', 'oktober  2027', NULL, NULL, 750000, NULL, '', '0', NULL),
(584, 36, '2027-11-01', 'november  2027', NULL, NULL, 750000, NULL, '', '0', NULL),
(585, 36, '2027-12-01', 'desember  2027', NULL, NULL, 750000, NULL, '', '0', NULL),
(586, 36, '2028-01-01', 'januari  2028', NULL, NULL, 750000, NULL, '', '0', NULL),
(587, 36, '2028-02-01', 'februari  2028', NULL, NULL, 750000, NULL, '', '0', NULL),
(588, 36, '2028-03-01', 'maret  2028', NULL, NULL, 750000, NULL, '', '0', NULL),
(589, 36, '2028-04-01', 'april  2028', NULL, NULL, 750000, NULL, '', '0', NULL),
(590, 36, '2028-05-01', 'mei  2028', NULL, NULL, 750000, NULL, '', '0', NULL),
(591, 36, '2028-06-01', 'juni  2028', NULL, NULL, 750000, NULL, '', '0', NULL),
(592, 37, '2025-07-01', 'juli  2025', NULL, NULL, 750000, NULL, '', '0', NULL),
(593, 37, '2025-08-01', 'agustus  2025', NULL, NULL, 750000, NULL, '', '0', NULL),
(594, 37, '2025-09-01', 'september  2025', NULL, NULL, 750000, NULL, '', '0', NULL),
(595, 37, '2025-10-01', 'oktober  2025', NULL, NULL, 750000, NULL, '', '0', NULL),
(596, 37, '2025-11-01', 'november  2025', NULL, NULL, 750000, NULL, '', '0', NULL),
(597, 37, '2025-12-01', 'desember  2025', NULL, NULL, 750000, NULL, '', '0', NULL),
(598, 37, '2026-01-01', 'januari  2026', NULL, NULL, 750000, NULL, '', '0', NULL),
(599, 37, '2026-02-01', 'februari  2026', NULL, NULL, 750000, NULL, '', '0', NULL),
(600, 37, '2026-03-01', 'maret  2026', NULL, NULL, 750000, NULL, '', '0', NULL),
(601, 37, '2026-04-01', 'april  2026', NULL, NULL, 750000, NULL, '', '0', NULL),
(602, 37, '2026-05-01', 'mei  2026', NULL, NULL, 750000, NULL, '', '0', NULL),
(603, 37, '2026-06-01', 'juni  2026', NULL, NULL, 750000, NULL, '', '0', NULL),
(604, 37, '2026-07-01', 'juli  2026', NULL, NULL, 750000, NULL, '', '0', NULL),
(605, 37, '2026-08-01', 'agustus  2026', NULL, NULL, 750000, NULL, '', '0', NULL),
(606, 37, '2026-09-01', 'september  2026', NULL, NULL, 750000, NULL, '', '0', NULL),
(607, 37, '2026-10-01', 'oktober  2026', NULL, NULL, 750000, NULL, '', '0', NULL),
(608, 37, '2026-11-01', 'november  2026', NULL, NULL, 750000, NULL, '', '0', NULL),
(609, 37, '2026-12-01', 'desember  2026', NULL, NULL, 750000, NULL, '', '0', NULL);
INSERT INTO `history` (`idspp`, `idsiswa`, `jatuhtempo`, `bulan`, `nobayar`, `tglbayar`, `jumlah`, `ket`, `tahun`, `angkatan`, `idadmin`) VALUES
(610, 37, '2027-01-01', 'januari  2027', NULL, NULL, 750000, NULL, '', '0', NULL),
(611, 37, '2027-02-01', 'februari  2027', NULL, NULL, 750000, NULL, '', '0', NULL),
(612, 37, '2027-03-01', 'maret  2027', NULL, NULL, 750000, NULL, '', '0', NULL),
(613, 37, '2027-04-01', 'april  2027', NULL, NULL, 750000, NULL, '', '0', NULL),
(614, 37, '2027-05-01', 'mei  2027', NULL, NULL, 750000, NULL, '', '0', NULL),
(615, 37, '2027-06-01', 'juni  2027', NULL, NULL, 750000, NULL, '', '0', NULL),
(616, 37, '2027-07-01', 'juli  2027', NULL, NULL, 750000, NULL, '', '0', NULL),
(617, 37, '2027-08-01', 'agustus  2027', NULL, NULL, 750000, NULL, '', '0', NULL),
(618, 37, '2027-09-01', 'september  2027', NULL, NULL, 750000, NULL, '', '0', NULL),
(619, 37, '2027-10-01', 'oktober  2027', NULL, NULL, 750000, NULL, '', '0', NULL),
(620, 37, '2027-11-01', 'november  2027', NULL, NULL, 750000, NULL, '', '0', NULL),
(621, 37, '2027-12-01', 'desember  2027', NULL, NULL, 750000, NULL, '', '0', NULL),
(622, 37, '2028-01-01', 'januari  2028', NULL, NULL, 750000, NULL, '', '0', NULL),
(623, 37, '2028-02-01', 'februari  2028', NULL, NULL, 750000, NULL, '', '0', NULL),
(624, 37, '2028-03-01', 'maret  2028', NULL, NULL, 750000, NULL, '', '0', NULL),
(625, 37, '2028-04-01', 'april  2028', NULL, NULL, 750000, NULL, '', '0', NULL),
(626, 37, '2028-05-01', 'mei  2028', NULL, NULL, 750000, NULL, '', '0', NULL),
(627, 37, '2028-06-01', 'juni  2028', NULL, NULL, 750000, NULL, '', '0', NULL),
(628, 38, '2023-03-02', 'maret  2023', NULL, NULL, 650000, NULL, '', '0', NULL),
(629, 38, '2023-04-02', 'april  2023', NULL, NULL, 650000, NULL, '', '0', NULL),
(630, 38, '2023-05-02', 'mei  2023', NULL, NULL, 650000, NULL, '', '0', NULL),
(631, 38, '2023-06-02', 'juni  2023', NULL, NULL, 650000, NULL, '', '0', NULL),
(632, 38, '2023-07-02', 'juli  2023', NULL, NULL, 650000, NULL, '', '0', NULL),
(633, 38, '2023-08-02', 'agustus  2023', NULL, NULL, 650000, NULL, '', '0', NULL),
(634, 38, '2023-09-02', 'september  2023', NULL, NULL, 650000, NULL, '', '0', NULL),
(635, 38, '2023-10-02', 'oktober  2023', NULL, NULL, 650000, NULL, '', '0', NULL),
(636, 38, '2023-11-02', 'november  2023', NULL, NULL, 650000, NULL, '', '0', NULL),
(637, 38, '2023-12-02', 'desember  2023', NULL, NULL, 650000, NULL, '', '0', NULL),
(638, 38, '2024-01-02', 'januari  2024', NULL, NULL, 650000, NULL, '', '0', NULL),
(639, 38, '2024-02-02', 'februari  2024', NULL, NULL, 650000, NULL, '', '0', NULL),
(640, 38, '2024-03-02', 'maret  2024', NULL, NULL, 650000, NULL, '', '0', NULL),
(641, 38, '2024-04-02', 'april  2024', NULL, NULL, 650000, NULL, '', '0', NULL),
(642, 38, '2024-05-02', 'mei  2024', NULL, NULL, 650000, NULL, '', '0', NULL),
(643, 38, '2024-06-02', 'juni  2024', NULL, NULL, 650000, NULL, '', '0', NULL),
(644, 38, '2024-07-02', 'juli  2024', NULL, NULL, 650000, NULL, '', '0', NULL),
(645, 38, '2024-08-02', 'agustus  2024', NULL, NULL, 650000, NULL, '', '0', NULL),
(646, 38, '2024-09-02', 'september  2024', NULL, NULL, 650000, NULL, '', '0', NULL),
(647, 38, '2024-10-02', 'oktober  2024', NULL, NULL, 650000, NULL, '', '0', NULL),
(648, 38, '2024-11-02', 'november  2024', NULL, NULL, 650000, NULL, '', '0', NULL),
(649, 38, '2024-12-02', 'desember  2024', NULL, NULL, 650000, NULL, '', '0', NULL),
(650, 38, '2025-01-02', 'januari  2025', NULL, NULL, 650000, NULL, '', '0', NULL),
(651, 38, '2025-02-02', 'februari  2025', NULL, NULL, 650000, NULL, '', '0', NULL),
(652, 38, '2025-03-02', 'maret  2025', NULL, NULL, 650000, NULL, '', '0', NULL),
(653, 38, '2025-04-02', 'april  2025', NULL, NULL, 650000, NULL, '', '0', NULL),
(654, 38, '2025-05-02', 'mei  2025', NULL, NULL, 650000, NULL, '', '0', NULL),
(655, 38, '2025-06-02', 'juni  2025', NULL, NULL, 650000, NULL, '', '0', NULL),
(656, 38, '2025-07-02', 'juli  2025', NULL, NULL, 650000, NULL, '', '0', NULL),
(657, 38, '2025-08-02', 'agustus  2025', NULL, NULL, 650000, NULL, '', '0', NULL),
(658, 38, '2025-09-02', 'september  2025', NULL, NULL, 650000, NULL, '', '0', NULL),
(659, 38, '2025-10-02', 'oktober  2025', NULL, NULL, 650000, NULL, '', '0', NULL),
(660, 38, '2025-11-02', 'november  2025', NULL, NULL, 650000, NULL, '', '0', NULL),
(661, 38, '2025-12-02', 'desember  2025', NULL, NULL, 650000, NULL, '', '0', NULL),
(662, 38, '2026-01-02', 'januari  2026', NULL, NULL, 650000, NULL, '', '0', NULL),
(663, 38, '2026-02-02', 'februari  2026', NULL, NULL, 650000, NULL, '', '0', NULL),
(664, 47, NULL, 'Juni', '2303170043', '2023-03-17', 700000, 'LUNAS', '2023/', 'I', 7),
(665, 47, NULL, 'Juli', NULL, NULL, 700000, NULL, '2023/', 'I', NULL),
(666, 47, NULL, 'Agustus', NULL, NULL, 700000, NULL, '2023/', 'I', NULL),
(667, 47, NULL, 'September', NULL, NULL, 700000, NULL, '2023/', 'I', NULL),
(668, 47, NULL, 'Oktober', NULL, NULL, 700000, NULL, '2023/', 'I', NULL),
(669, 47, NULL, 'November', NULL, NULL, 700000, NULL, '2023/', 'I', NULL),
(670, 47, NULL, 'Desember', NULL, NULL, 700000, NULL, '2023/', 'I', NULL),
(671, 47, NULL, 'Januari', NULL, NULL, 700000, NULL, '2023/', 'I', NULL),
(672, 47, NULL, 'Februari', NULL, NULL, 700000, NULL, '2023/', 'I', NULL),
(673, 47, NULL, 'Maret', NULL, NULL, 700000, NULL, '2023/', 'I', NULL),
(674, 47, NULL, 'April', NULL, NULL, 700000, NULL, '2023/', 'I', NULL),
(675, 47, NULL, 'Mei', NULL, NULL, 700000, NULL, '2023/', 'I', NULL),
(676, 47, NULL, 'Juni', NULL, NULL, 700000, NULL, '2024/', 'II', NULL),
(677, 47, NULL, 'Juli', NULL, NULL, 700000, NULL, '2024/', 'II', NULL),
(678, 47, NULL, 'Agustus', NULL, NULL, 700000, NULL, '2024/', 'II', NULL),
(679, 47, NULL, 'September', NULL, NULL, 700000, NULL, '2024/', 'II', NULL),
(680, 47, NULL, 'Oktober', NULL, NULL, 700000, NULL, '2024/', 'II', NULL),
(681, 47, NULL, 'November', NULL, NULL, 700000, NULL, '2024/', 'II', NULL),
(682, 47, NULL, 'Desember', NULL, NULL, 700000, NULL, '2024/', 'II', NULL),
(683, 47, NULL, 'Januari', NULL, NULL, 700000, NULL, '2024/', 'II', NULL),
(684, 47, NULL, 'Februari', NULL, NULL, 700000, NULL, '2024/', 'II', NULL),
(685, 47, NULL, 'Maret', NULL, NULL, 700000, NULL, '2024/', 'II', NULL),
(686, 47, NULL, 'April', NULL, NULL, 700000, NULL, '2024/', 'II', NULL),
(687, 47, NULL, 'Mei', NULL, NULL, 700000, NULL, '2024/', 'II', NULL),
(688, 47, NULL, 'Juni', NULL, NULL, 700000, NULL, '2025/', 'III', NULL),
(689, 47, NULL, 'Juli', NULL, NULL, 700000, NULL, '2025/', 'III', NULL),
(690, 47, NULL, 'Agustus', NULL, NULL, 700000, NULL, '2025/', 'III', NULL),
(691, 47, NULL, 'September', NULL, NULL, 700000, NULL, '2025/', 'III', NULL),
(692, 47, NULL, 'Oktober', NULL, NULL, 700000, NULL, '2025/', 'III', NULL),
(693, 47, NULL, 'November', NULL, NULL, 700000, NULL, '2025/', 'III', NULL),
(694, 47, NULL, 'Desember', NULL, NULL, 700000, NULL, '2025/', 'III', NULL),
(695, 47, NULL, 'Januari', NULL, NULL, 700000, NULL, '2025/', 'III', NULL),
(696, 47, NULL, 'Februari', NULL, NULL, 700000, NULL, '2025/', 'III', NULL),
(697, 47, NULL, 'Maret', NULL, NULL, 700000, NULL, '2025/', 'III', NULL),
(698, 47, NULL, 'April', NULL, NULL, 700000, NULL, '2025/', 'III', NULL),
(699, 47, NULL, 'Mei', NULL, NULL, 700000, NULL, '2025/', 'III', NULL),
(700, 48, '2023-03-14', 'maret  2023', NULL, NULL, 650000, NULL, NULL, NULL, NULL),
(701, 48, '2023-04-14', 'april  2023', NULL, NULL, 650000, NULL, NULL, NULL, NULL),
(702, 48, '2023-05-14', 'mei  2023', NULL, NULL, 650000, NULL, NULL, NULL, NULL),
(703, 48, '2023-06-14', 'juni  2023', NULL, NULL, 650000, NULL, NULL, NULL, NULL),
(704, 48, '2023-07-14', 'juli  2023', NULL, NULL, 650000, NULL, NULL, NULL, NULL),
(705, 48, '2023-08-14', 'agustus  2023', NULL, NULL, 650000, NULL, NULL, NULL, NULL),
(706, 48, '2023-09-14', 'september  2023', NULL, NULL, 650000, NULL, NULL, NULL, NULL),
(707, 48, '2023-10-14', 'oktober  2023', NULL, NULL, 650000, NULL, NULL, NULL, NULL),
(708, 48, '2023-11-14', 'november  2023', NULL, NULL, 650000, NULL, NULL, NULL, NULL),
(709, 48, '2023-12-14', 'desember  2023', NULL, NULL, 650000, NULL, NULL, NULL, NULL),
(710, 48, '2024-01-14', 'januari  2024', NULL, NULL, 650000, NULL, NULL, NULL, NULL),
(711, 48, '2024-02-14', 'februari  2024', NULL, NULL, 650000, NULL, NULL, NULL, NULL),
(712, 48, '2024-03-14', 'maret  2024', NULL, NULL, 650000, NULL, NULL, NULL, NULL),
(713, 48, '2024-04-14', 'april  2024', NULL, NULL, 650000, NULL, NULL, NULL, NULL),
(714, 48, '2024-05-14', 'mei  2024', NULL, NULL, 650000, NULL, NULL, NULL, NULL),
(715, 48, '2024-06-14', 'juni  2024', NULL, NULL, 650000, NULL, NULL, NULL, NULL),
(716, 48, '2024-07-14', 'juli  2024', NULL, NULL, 650000, NULL, NULL, NULL, NULL),
(717, 48, '2024-08-14', 'agustus  2024', NULL, NULL, 650000, NULL, NULL, NULL, NULL),
(718, 48, '2024-09-14', 'september  2024', NULL, NULL, 650000, NULL, NULL, NULL, NULL),
(719, 48, '2024-10-14', 'oktober  2024', NULL, NULL, 650000, NULL, NULL, NULL, NULL),
(720, 48, '2024-11-14', 'november  2024', NULL, NULL, 650000, NULL, NULL, NULL, NULL),
(721, 48, '2024-12-14', 'desember  2024', NULL, NULL, 650000, NULL, NULL, NULL, NULL),
(722, 48, '2025-01-14', 'januari  2025', NULL, NULL, 650000, NULL, NULL, NULL, NULL),
(723, 48, '2025-02-14', 'februari  2025', NULL, NULL, 650000, NULL, NULL, NULL, NULL),
(724, 48, '2025-03-14', 'maret  2025', NULL, NULL, 650000, NULL, NULL, NULL, NULL),
(725, 48, '2025-04-14', 'april  2025', NULL, NULL, 650000, NULL, NULL, NULL, NULL),
(726, 48, '2025-05-14', 'mei  2025', NULL, NULL, 650000, NULL, NULL, NULL, NULL),
(727, 48, '2025-06-14', 'juni  2025', NULL, NULL, 650000, NULL, NULL, NULL, NULL),
(728, 48, '2025-07-14', 'juli  2025', NULL, NULL, 650000, NULL, NULL, NULL, NULL),
(729, 48, '2025-08-14', 'agustus  2025', NULL, NULL, 650000, NULL, NULL, NULL, NULL),
(730, 48, '2025-09-14', 'september  2025', NULL, NULL, 650000, NULL, NULL, NULL, NULL),
(731, 48, '2025-10-14', 'oktober  2025', NULL, NULL, 650000, NULL, NULL, NULL, NULL),
(732, 48, '2025-11-14', 'november  2025', NULL, NULL, 650000, NULL, NULL, NULL, NULL),
(733, 48, '2025-12-14', 'desember  2025', NULL, NULL, 650000, NULL, NULL, NULL, NULL),
(734, 48, '2026-01-14', 'januari  2026', NULL, NULL, 650000, NULL, NULL, NULL, NULL),
(735, 48, '2026-02-14', 'februari  2026', NULL, NULL, 650000, NULL, NULL, NULL, NULL),
(736, 49, NULL, 'Juni', '2303180044', '2023-03-18', 700000, 'LUNAS', '2023/', 'I', 5),
(737, 49, NULL, 'Juli', '2303310063', '2023-03-31', 700000, 'LUNAS', '2023/', 'I', 7),
(738, 49, NULL, 'Agustus', '2303310064', '2023-03-31', 700000, 'LUNAS', '2023/', 'I', 7),
(739, 49, NULL, 'September', NULL, NULL, 700000, NULL, '2023/', 'I', NULL),
(740, 49, NULL, 'Oktober', NULL, NULL, 700000, NULL, '2023/', 'I', NULL),
(741, 49, NULL, 'November', NULL, NULL, 700000, NULL, '2023/', 'I', NULL),
(742, 49, NULL, 'Desember', NULL, NULL, 700000, NULL, '2023/', 'I', NULL),
(743, 49, NULL, 'Januari', NULL, NULL, 700000, NULL, '2023/', 'I', NULL),
(744, 49, NULL, 'Februari', NULL, NULL, 700000, NULL, '2023/', 'I', NULL),
(745, 49, NULL, 'Maret', NULL, NULL, 700000, NULL, '2023/', 'I', NULL),
(746, 49, NULL, 'April', NULL, NULL, 700000, NULL, '2023/', 'I', NULL),
(747, 49, NULL, 'Mei', '2304010065', '2023-04-01', 700000, 'LUNAS', '2023/', 'I', 4),
(748, 49, NULL, 'Juni', NULL, NULL, 700000, NULL, '2024/', 'II', NULL),
(749, 49, NULL, 'Juli', NULL, NULL, 700000, NULL, '2024/', 'II', NULL),
(750, 49, NULL, 'Agustus', NULL, NULL, 700000, NULL, '2024/', 'II', NULL),
(751, 49, NULL, 'September', NULL, NULL, 700000, NULL, '2024/', 'II', NULL),
(752, 49, NULL, 'Oktober', NULL, NULL, 700000, NULL, '2024/', 'II', NULL),
(753, 49, NULL, 'November', '2303310062', '2023-03-31', 700000, 'LUNAS', '2024/', 'II', 7),
(754, 49, NULL, 'Desember', '2303180061', '2023-03-18', 700000, 'LUNAS', '2024/', 'II', 7),
(755, 49, NULL, 'Januari', '2303180047', '2023-03-18', 700000, 'LUNAS', '2024/', 'II', 7),
(756, 49, NULL, 'Februari', '2303180048', '2023-03-18', 700000, 'LUNAS', '2024/', 'II', 7),
(757, 49, NULL, 'Maret', '2303180045', '2023-03-18', 700000, 'LUNAS', '2024/', 'II', 5),
(758, 49, NULL, 'April', '2303180046', '2023-03-18', 700000, 'LUNAS', '2024/', 'II', 5),
(759, 49, NULL, 'Mei', '2303180049', '2023-03-18', 700000, 'LUNAS', '2024/', 'II', 7),
(760, 49, NULL, 'Juni', '2303180050', '2023-03-18', 700000, 'LUNAS', '2025/', 'III', 7),
(761, 49, NULL, 'Juli', '2303180051', '2023-03-18', 700000, 'LUNAS', '2025/', 'III', 7),
(762, 49, NULL, 'Agustus', '2303180052', '2023-03-18', 700000, 'LUNAS', '2025/', 'III', 7),
(763, 49, NULL, 'September', '2303180053', '2023-03-18', 700000, 'LUNAS', '2025/', 'III', 7),
(764, 49, NULL, 'Oktober', '2303180054', '2023-03-18', 700000, 'LUNAS', '2025/', 'III', 7),
(765, 49, NULL, 'November', '2303180055', '2023-03-18', 700000, 'LUNAS', '2025/', 'III', 7),
(766, 49, NULL, 'Desember', '2303180056', '2023-03-18', 700000, 'LUNAS', '2025/', 'III', 7),
(767, 49, NULL, 'Januari', '2303180057', '2023-03-18', 700000, 'LUNAS', '2025/', 'III', 7),
(768, 49, NULL, 'Februari', '2303180058', '2023-03-18', 700000, 'LUNAS', '2025/', 'III', 7),
(769, 49, NULL, 'Maret', '2303180059', '2023-03-18', 700000, 'LUNAS', '2025/', 'III', 7),
(770, 49, NULL, 'April', '2303180060', '2023-03-18', 700000, 'LUNAS', '2025/', 'III', 7),
(771, 49, NULL, 'Mei', NULL, NULL, 700000, NULL, '2025/', 'III', NULL);

-- --------------------------------------------------------

--
-- Struktur dari tabel `kelas`
--

CREATE TABLE `kelas` (
  `idkelas` int(4) NOT NULL,
  `kelas` varchar(50) NOT NULL,
  `jurusan` varchar(50) NOT NULL
) ENGINE=InnoDB DEFAULT CHARSET=utf8mb4 COLLATE=utf8mb4_general_ci;

--
-- Dumping data untuk tabel `kelas`
--

INSERT INTO `kelas` (`idkelas`, `kelas`, `jurusan`) VALUES
(1, 'XII ', 'Rekayasa Perangkat Lunak'),
(2, 'XII ', 'Teknik Komputer Jaringan'),
(5, 'XII RPL 3', 'Rekayasa Perangkat Lunak '),
(6, 'XII RPL 2', 'Rekayasa Perangkat Lunak '),
(7, 'XII TKJ 1', 'TEKNIK KOMPUTER JARINGAN '),
(8, 'MM 5', 'MULTIMEDIA');

-- --------------------------------------------------------

--
-- Struktur dari tabel `petugas`
--

CREATE TABLE `petugas` (
  `id_petugas` int(4) NOT NULL,
  `nama_petugas` varchar(250) NOT NULL,
  `nip` int(8) NOT NULL,
  `telp` int(12) NOT NULL,
  `level` varchar(50) NOT NULL,
  `password` varchar(50) NOT NULL
) ENGINE=InnoDB DEFAULT CHARSET=utf8mb4 COLLATE=utf8mb4_general_ci;

--
-- Dumping data untuk tabel `petugas`
--

INSERT INTO `petugas` (`id_petugas`, `nama_petugas`, `nip`, `telp`, `level`, `password`) VALUES
(4, 'karisuandana', 182, 71635437, 'petugas', 'staf1'),
(5, 'satria', 555, 244242, 'admin', 'admin'),
(6, 'karjana', 200675, 87887765, 'admin', 'admin'),
(7, 'joshua', 9925389, 8838687, 'admin', 'admin'),
(8, 'made suyasa', 9867890, 987654988, 'petugas', 'petugas'),
(10, 'Joshua', 726, 93299832, 'petugas', 'jojo');

-- --------------------------------------------------------

--
-- Struktur dari tabel `siswa`
--

CREATE TABLE `siswa` (
  `nis` int(4) NOT NULL,
  `nisn` int(8) NOT NULL,
  `nama_siswa` varchar(250) NOT NULL,
  `id_kelas` int(4) NOT NULL,
  `idangkatan` int(12) NOT NULL,
  `alamat` text NOT NULL,
  `telp` int(12) NOT NULL,
  `password` varchar(50) NOT NULL
) ENGINE=InnoDB DEFAULT CHARSET=utf8mb4 COLLATE=utf8mb4_general_ci;

--
-- Dumping data untuk tabel `siswa`
--

INSERT INTO `siswa` (`nis`, `nisn`, `nama_siswa`, `id_kelas`, `idangkatan`, `alamat`, `telp`, `password`) VALUES
(6, 56328489, 'I Komang Gede Satria Arimbawa', 1, 1, 'bakas banjarangkan', 937366, 'mangse'),
(7, 8989, 'made puspita sari ', 1, 1, 'bakas banjarangkan 1', 937366, 'mangse'),
(8, 56328489, 'panji samudra', 1, 2, 'pagutan banjarangkan', 937366, 'mangse'),
(9, 56328489, 'I Komang Gede Satria Arimbawa', 1, 2, 'bakas banjarangkan', 937366, 'satria'),
(10, 56328489, 'I Komang Gede Satria Arimbawa', 1, 2, 'bakas banjarangkan', 937366, 'satria'),
(11, 56328489, 'made sanjiaga uno', 1, 1, 'bakas banjarangkan 1', 937366, 'mangse'),
(12, 200010200, 'I Putu Juniari Utami', 2, 5, 'JL.kenari No.15 klungkung', 298988743, 'juniari'),
(14, 56328489, 'made yuniari suciati', 6, 5, 'jl pudanga selatan', 2147483647, ''),
(15, 56328489, 'nyoman juniarta wijana', 5, 8, 'bakas banjarangkan', 937366, 'juniarta'),
(16, 56328489, 'nyoman juniarta wijana', 5, 8, 'bakas banjarangkan', 937366, 'juniarta'),
(17, 55672837, 'sanjaya intaran', 5, 8, 'sindu kaja', 937366, 'sanjaya'),
(18, 55672837, 'anjani suerta', 5, 5, 'bakas banjarangkan', 937366, 'anjani'),
(20, 55672837, 'anjani suerta', 5, 5, 'bakas banjarangkan', 937366, ''),
(21, 56328489, 'kadek widiantara', 5, 5, 'sakah gianyar', 937366, 'kadek'),
(23, 8989, 'I Komang Gede Satria Arimbawa', 6, 5, 'bakas banjarangkan', 2147483647, 'mangse'),
(24, 5006869, 'Eka Joshua Risky Adolf Suryawan', 5, 5, 'Jl.Kamboja Block V NO.8', 857764567, 'satria'),
(25, 7757756, 'satria arimbawa', 5, 6, 'Jl.Kamboja Block V NO.8', 388498598, 'satria'),
(26, 500680, 'satria arimbawa', 8, 7, 'Jl.Kamboja Block V NO.8', 857764567, 'SATRIA'),
(27, 7757756, 'satria arimbawa', 5, 7, 'Jl.Kamboja Block V NO.8', 857764567, 'mangse'),
(28, 7757756, 'satria arimbawa', 5, 7, 'Jl.Kamboja Block V NO.8', 857764567, ''),
(29, 7757756, 'Eka Joshua Risky Adolf Suryawan', 5, 7, 'Jl.Kamboja Block V NO.8', 857764567, 'satria'),
(30, 7757756, 'Eka Joshua Risky Adolf Suryawan', 5, 7, 'Jl.Kamboja Block V NO.8', 857764567, ''),
(31, 7757756, 'Eka Joshua Risky Adolf Suryawan', 5, 7, 'Jl.Kamboja Block V NO.8', 857764567, ''),
(32, 7757756, 'Eka Joshua Risky Adolf Suryawan', 5, 7, 'Jl.Kamboja Block V NO.8', 857764567, ''),
(33, 7757756, 'Eka Joshua Risky Adolf Suryawan', 5, 7, 'Jl.Kamboja Block V NO.8', 857764567, 'satria'),
(34, 7757756, 'budiawan', 5, 7, 'Jl.Kamboja Block V NO.8', 857764567, 'admin'),
(35, 7757756, 'budiawan', 5, 7, 'Jl.Kamboja Block V NO.8', 857764567, 'admin'),
(36, 7757756, 'budiawan', 7, 1, 'Jl.Kamboja Block V NO.8', 857764567, ''),
(37, 7757756, 'budiawan', 5, 7, 'Jl.Kamboja Block V NO.8', 857764567, ''),
(38, 7757756, 'Eka Joshua Risky Adolf Suryawan', 5, 5, 'Jl.Kamboja Block V NO.8', 857764567, 'satria'),
(39, 7757756, 'budiawan', 6, 6, 'Jl.Kamboja Block V NO.8', 857764567, 'satria'),
(41, 7757756, 'budiawan', 6, 6, 'Jl.Kamboja Block V NO.8', 857764567, 'satria'),
(42, 7757756, 'budiawan', 6, 6, 'Jl.Kamboja Block V NO.8', 857764567, 'satria'),
(44, 7757756, 'budiawan', 6, 6, 'Jl.Kamboja Block V NO.8', 857764567, 'satria'),
(45, 7757756, 'budiawan', 6, 6, 'Jl.Kamboja Block V NO.8', 857764567, ''),
(46, 7757756, 'budiawan', 6, 6, 'Jl.Kamboja Block V NO.8', 857764567, ''),
(47, 7757756, 'budiawan', 6, 6, 'Jl.Kamboja Block V NO.8', 857764567, ''),
(48, 8372, 'Mertayasa', 5, 5, 'Jl Yasa', 2147483647, 'yasa'),
(49, 0, 'dhana', 7, 1, 'Jl.Kamboja Block V NO.8', 857764567, 'dhana'),
(50, 28643738, 'majasti', 5, 5, 'Jl.Kamboja Block V NO.8', 857764567, 'satria');

--
-- Indexes for dumped tables
--

--
-- Indeks untuk tabel `angkatan`
--
ALTER TABLE `angkatan`
  ADD PRIMARY KEY (`id_angkatan`);

--
-- Indeks untuk tabel `history`
--
ALTER TABLE `history`
  ADD PRIMARY KEY (`idspp`),
  ADD KEY `fk_siswa` (`idsiswa`),
  ADD KEY `fk_karyawan` (`idadmin`);

--
-- Indeks untuk tabel `kelas`
--
ALTER TABLE `kelas`
  ADD PRIMARY KEY (`idkelas`);

--
-- Indeks untuk tabel `petugas`
--
ALTER TABLE `petugas`
  ADD PRIMARY KEY (`id_petugas`);

--
-- Indeks untuk tabel `siswa`
--
ALTER TABLE `siswa`
  ADD PRIMARY KEY (`nis`),
  ADD KEY `fk_angkatan` (`idangkatan`),
  ADD KEY `fk_kelas` (`id_kelas`);

--
-- AUTO_INCREMENT untuk tabel yang dibuang
--

--
-- AUTO_INCREMENT untuk tabel `angkatan`
--
ALTER TABLE `angkatan`
  MODIFY `id_angkatan` int(4) NOT NULL AUTO_INCREMENT, AUTO_INCREMENT=9;

--
-- AUTO_INCREMENT untuk tabel `history`
--
ALTER TABLE `history`
  MODIFY `idspp` int(5) NOT NULL AUTO_INCREMENT, AUTO_INCREMENT=772;

--
-- AUTO_INCREMENT untuk tabel `kelas`
--
ALTER TABLE `kelas`
  MODIFY `idkelas` int(4) NOT NULL AUTO_INCREMENT, AUTO_INCREMENT=9;

--
-- AUTO_INCREMENT untuk tabel `petugas`
--
ALTER TABLE `petugas`
  MODIFY `id_petugas` int(4) NOT NULL AUTO_INCREMENT, AUTO_INCREMENT=11;

--
-- AUTO_INCREMENT untuk tabel `siswa`
--
ALTER TABLE `siswa`
  MODIFY `nis` int(4) NOT NULL AUTO_INCREMENT, AUTO_INCREMENT=52;

--
-- Ketidakleluasaan untuk tabel pelimpahan (Dumped Tables)
--

--
-- Ketidakleluasaan untuk tabel `history`
--
ALTER TABLE `history`
  ADD CONSTRAINT `fk_karyawan` FOREIGN KEY (`idadmin`) REFERENCES `petugas` (`id_petugas`),
  ADD CONSTRAINT `fk_siswa` FOREIGN KEY (`idsiswa`) REFERENCES `siswa` (`nis`);

--
-- Ketidakleluasaan untuk tabel `siswa`
--
ALTER TABLE `siswa`
  ADD CONSTRAINT `fk_angkatan` FOREIGN KEY (`idangkatan`) REFERENCES `angkatan` (`id_angkatan`),
  ADD CONSTRAINT `fk_kelas` FOREIGN KEY (`id_kelas`) REFERENCES `kelas` (`idkelas`);
COMMIT;

/*!40101 SET CHARACTER_SET_CLIENT=@OLD_CHARACTER_SET_CLIENT */;
/*!40101 SET CHARACTER_SET_RESULTS=@OLD_CHARACTER_SET_RESULTS */;
/*!40101 SET COLLATION_CONNECTION=@OLD_COLLATION_CONNECTION */;
